name,version,licence,licensor,homepage,scope
@acemir/cssom,0.9.31,MIT,Nikita Vasilyev,https://github.com/acemir/CSSOM#readme,runtime
@actions/core,3.0.1,MIT,,https://github.com/actions/toolkit/tree/main/packages/core,runtime
@actions/exec,3.0.0,MIT,,https://github.com/actions/toolkit/tree/main/packages/exec,runtime
@actions/github,9.1.1,MIT,,https://github.com/actions/toolkit/tree/main/packages/github,runtime
@actions/http-client,3.0.2,MIT,,https://github.com/actions/toolkit/tree/main/packages/http-client,runtime
@actions/http-client,4.0.1,MIT,,https://github.com/actions/toolkit/tree/main/packages/http-client,runtime
@actions/io,3.0.2,MIT,,https://github.com/actions/toolkit/tree/main/packages/io,runtime
@algorithm.ts/lcs,4.0.6,MIT,guanghechen,https://github.com/guanghechen/algorithm.ts/tree/@algorithm.ts/lcs@4.0.5/packages/lcs#readme,runtime
@alloc/quick-lru,5.2.0,MIT,Sindre Sorhus,https://github.com/sindresorhus/quick-lru#readme,build/dev
@architect/asap,7.0.10,Apache-2.0,,https://github.com/architect/asap#readme,runtime
@architect/hydrate,6.0.2,Apache-2.0,Brian LeRoux,https://github.com/architect/hydrate#readme,runtime
@architect/inventory,6.0.0,Apache-2.0,,https://github.com/architect/inventory#readme,runtime
@architect/inventory,6.1.0,Apache-2.0,,https://github.com/architect/inventory#readme,runtime
@architect/parser,8.0.1,Apache-2.0,Brian LeRoux,https://github.com/architect/parser#readme,runtime
@architect/utils,6.0.3,Apache-2.0,Brian LeRoux,https://github.com/architect/utils#readme,runtime
@asamuzakjp/css-color,5.1.11,MIT,asamuzaK,https://github.com/asamuzaK/cssColor#readme,runtime
@asamuzakjp/dom-selector,6.8.1,MIT,asamuzaK,https://github.com/asamuzaK/domSelector#readme,runtime
@asamuzakjp/dom-selector,7.1.1,MIT,asamuzaK,https://github.com/asamuzaK/domSelector#readme,runtime
@asamuzakjp/generational-cache,1.0.1,MIT,asamuzaK,https://github.com/asamuzaK/generationalCache,runtime
@asamuzakjp/nwsapi,2.3.9,MIT,Diego Perini,http://javascript.nwbox.com/nwsapi/,runtime
@aws-lite/client,0.21.10,Apache-2.0,,https://aws-lite.org,runtime
@aws-lite/client,0.23.7,Apache-2.0,,https://aws-lite.org,runtime
@aws-lite/s3,0.1.22,Apache-2.0,@architect,https://github.com/architect/aws-lite,runtime
@aws-lite/ssm,0.2.5,Apache-2.0,@architect,https://aws-lite.org/services/ssm,runtime
@babel/code-frame,7.29.7,MIT,The Babel Team,https://babel.dev/docs/en/next/babel-code-frame,runtime
@babel/compat-data,7.29.7,MIT,The Babel Team,https://github.com/babel/babel#readme,runtime
@babel/core,7.29.7,MIT,The Babel Team,https://babel.dev/docs/en/next/babel-core,runtime
@babel/generator,7.29.8,MIT,The Babel Team,https://babel.dev/docs/en/next/babel-generator,runtime
@babel/helper-annotate-as-pure,7.29.7,MIT,The Babel Team,https://babel.dev/docs/en/next/babel-helper-annotate-as-pure,runtime
@babel/helper-compilation-targets,7.29.7,MIT,The Babel Team,https://github.com/babel/babel#readme,runtime
@babel/helper-create-class-features-plugin,7.29.7,MIT,The Babel Team,https://github.com/babel/babel#readme,runtime
@babel/helper-create-regexp-features-plugin,7.29.7,MIT,The Babel Team,https://github.com/babel/babel#readme,runtime
@babel/helper-define-polyfill-provider,0.6.8,MIT,,https://github.com/babel/babel-polyfills#readme,runtime
@babel/helper-globals,7.29.7,MIT,The Babel Team,https://github.com/babel/babel#readme,runtime
@babel/helper-member-expression-to-functions,7.29.7,MIT,The Babel Team,https://babel.dev/docs/en/next/babel-helper-member-expression-to-functions,runtime
@babel/helper-module-imports,7.29.7,MIT,The Babel Team,https://babel.dev/docs/en/next/babel-helper-module-imports,runtime
@babel/helper-module-transforms,7.29.7,MIT,The Babel Team,https://babel.dev/docs/en/next/babel-helper-module-transforms,runtime
@babel/helper-optimise-call-expression,7.29.7,MIT,The Babel Team,https://babel.dev/docs/en/next/babel-helper-optimise-call-expression,runtime
@babel/helper-plugin-utils,7.29.7,MIT,The Babel Team,https://babel.dev/docs/en/next/babel-helper-plugin-utils,runtime
@babel/helper-remap-async-to-generator,7.29.7,MIT,The Babel Team,https://babel.dev/docs/en/next/babel-helper-remap-async-to-generator,runtime
@babel/helper-replace-supers,7.29.7,MIT,The Babel Team,https://babel.dev/docs/en/next/babel-helper-replace-supers,runtime
@babel/helper-skip-transparent-expression-wrappers,7.29.7,MIT,The Babel Team,https://github.com/babel/babel#readme,runtime
@babel/helper-string-parser,7.29.7,MIT,The Babel Team,https://babel.dev/docs/en/next/babel-helper-string-parser,runtime
@babel/helper-validator-identifier,7.29.7,MIT,The Babel Team,https://github.com/babel/babel#readme,runtime
@babel/helper-validator-option,7.29.7,MIT,The Babel Team,https://github.com/babel/babel#readme,runtime
@babel/helper-wrap-function,7.29.7,MIT,The Babel Team,https://babel.dev/docs/en/next/babel-helper-wrap-function,runtime
@babel/helpers,7.29.7,MIT,The Babel Team,https://babel.dev/docs/en/next/babel-helpers,runtime
@babel/parser,7.29.8,MIT,The Babel Team,https://babel.dev/docs/en/next/babel-parser,runtime
@babel/plugin-bugfix-firefox-class-in-computed-class-key,7.29.7,MIT,The Babel Team,https://babel.dev/docs/en/next/babel-plugin-bugfix-firefox-class-in-computed-class-key,runtime
@babel/plugin-bugfix-safari-class-field-initializer-scope,7.29.7,MIT,The Babel Team,https://babel.dev/docs/en/next/babel-plugin-bugfix-safari-class-field-initializer-scope,runtime
@babel/plugin-bugfix-safari-id-destructuring-collision-in-function-expression,7.29.7,MIT,The Babel Team,https://babel.dev/docs/en/next/babel-plugin-bugfix-safari-id-destructuring-collision-in-function-expression,runtime
@babel/plugin-bugfix-safari-rest-destructuring-rhs-array,7.29.7,MIT,The Babel Team,https://babel.dev/docs/en/next/babel-plugin-bugfix-safari-rest-destructuring-rhs-array,runtime
@babel/plugin-bugfix-v8-spread-parameters-in-optional-chaining,7.29.7,MIT,The Babel Team,https://babel.dev/docs/en/next/babel-plugin-bugfix-v8-spread-parameters-in-optional-chaining,runtime
@babel/plugin-bugfix-v8-static-class-fields-redefine-readonly,7.29.7,MIT,The Babel Team,https://babel.dev/docs/en/next/babel-plugin-bugfix-v8-static-class-fields-redefine-readonly,runtime
@babel/plugin-proposal-private-property-in-object,7.21.0-placeholder-for-preset-env.2,MIT,The Babel Team,https://babel.dev/docs/en/next/babel-plugin-proposal-private-property-in-object,runtime
@babel/plugin-syntax-import-assertions,7.29.7,MIT,The Babel Team,https://github.com/babel/babel#readme,runtime
@babel/plugin-syntax-import-attributes,7.29.7,MIT,The Babel Team,https://github.com/babel/babel#readme,runtime
@babel/plugin-syntax-jsx,7.29.7,MIT,The Babel Team,https://babel.dev/docs/en/next/babel-plugin-syntax-jsx,runtime
@babel/plugin-syntax-typescript,7.29.7,MIT,The Babel Team,https://babel.dev/docs/en/next/babel-plugin-syntax-typescript,runtime
@babel/plugin-syntax-unicode-sets-regex,7.18.6,MIT,The Babel Team,https://babel.dev/docs/en/next/babel-plugin-syntax-unicode-sets-regex,runtime
@babel/plugin-transform-arrow-functions,7.29.7,MIT,The Babel Team,https://babel.dev/docs/en/next/babel-plugin-transform-arrow-functions,runtime
@babel/plugin-transform-async-generator-functions,7.29.7,MIT,The Babel Team,https://babel.dev/docs/en/next/babel-plugin-transform-async-generator-functions,runtime
@babel/plugin-transform-async-to-generator,7.29.7,MIT,The Babel Team,https://babel.dev/docs/en/next/babel-plugin-transform-async-to-generator,runtime
@babel/plugin-transform-block-scoped-functions,7.29.7,MIT,The Babel Team,https://babel.dev/docs/en/next/babel-plugin-transform-block-scoped-functions,runtime
@babel/plugin-transform-block-scoping,7.29.7,MIT,The Babel Team,https://babel.dev/docs/en/next/babel-plugin-transform-block-scoping,runtime
@babel/plugin-transform-class-properties,7.29.7,MIT,The Babel Team,https://babel.dev/docs/en/next/babel-plugin-transform-class-properties,runtime
@babel/plugin-transform-class-static-block,7.29.7,MIT,The Babel Team,https://babel.dev/docs/en/next/babel-plugin-transform-class-static-block,runtime
@babel/plugin-transform-classes,7.29.7,MIT,The Babel Team,https://babel.dev/docs/en/next/babel-plugin-transform-classes,runtime
@babel/plugin-transform-computed-properties,7.29.7,MIT,The Babel Team,https://babel.dev/docs/en/next/babel-plugin-transform-computed-properties,runtime
@babel/plugin-transform-destructuring,7.29.7,MIT,The Babel Team,https://babel.dev/docs/en/next/babel-plugin-transform-destructuring,runtime
@babel/plugin-transform-dotall-regex,7.29.7,MIT,The Babel Team,https://babel.dev/docs/en/next/babel-plugin-transform-dotall-regex,runtime
@babel/plugin-transform-duplicate-keys,7.29.7,MIT,The Babel Team,https://babel.dev/docs/en/next/babel-plugin-transform-duplicate-keys,runtime
@babel/plugin-transform-duplicate-named-capturing-groups-regex,7.29.7,MIT,The Babel Team,https://babel.dev/docs/en/next/babel-plugin-transform-duplicate-named-capturing-groups-regex,runtime
@babel/plugin-transform-dynamic-import,7.29.7,MIT,The Babel Team,https://github.com/babel/babel#readme,runtime
@babel/plugin-transform-explicit-resource-management,7.29.7,MIT,The Babel Team,https://babel.dev/docs/en/next/babel-plugin-transform-explicit-resource-management,runtime
@babel/plugin-transform-exponentiation-operator,7.29.7,MIT,The Babel Team,https://babel.dev/docs/en/next/babel-plugin-transform-exponentiation-operator,runtime
@babel/plugin-transform-export-namespace-from,7.29.7,MIT,The Babel Team,https://babel.dev/docs/en/next/babel-plugin-transform-export-namespace-from,runtime
@babel/plugin-transform-for-of,7.29.7,MIT,The Babel Team,https://babel.dev/docs/en/next/babel-plugin-transform-for-of,runtime
@babel/plugin-transform-function-name,7.29.7,MIT,The Babel Team,https://babel.dev/docs/en/next/babel-plugin-transform-function-name,runtime
@babel/plugin-transform-json-strings,7.29.7,MIT,The Babel Team,https://babel.dev/docs/en/next/babel-plugin-transform-json-strings,runtime
@babel/plugin-transform-literals,7.29.7,MIT,The Babel Team,https://babel.dev/docs/en/next/babel-plugin-transform-literals,runtime
@babel/plugin-transform-logical-assignment-operators,7.29.7,MIT,The Babel Team,https://babel.dev/docs/en/next/babel-plugin-transform-logical-assignment-operators,runtime
@babel/plugin-transform-member-expression-literals,7.29.7,MIT,The Babel Team,https://babel.dev/docs/en/next/babel-plugin-transform-member-expression-literals,runtime
@babel/plugin-transform-modules-amd,7.29.7,MIT,The Babel Team,https://babel.dev/docs/en/next/babel-plugin-transform-modules-amd,runtime
@babel/plugin-transform-modules-commonjs,7.29.7,MIT,The Babel Team,https://babel.dev/docs/en/next/babel-plugin-transform-modules-commonjs,runtime
@babel/plugin-transform-modules-systemjs,7.29.8,MIT,The Babel Team,https://babel.dev/docs/en/next/babel-plugin-transform-modules-systemjs,runtime
@babel/plugin-transform-modules-umd,7.29.7,MIT,The Babel Team,https://babel.dev/docs/en/next/babel-plugin-transform-modules-umd,runtime
@babel/plugin-transform-named-capturing-groups-regex,7.29.7,MIT,The Babel Team,https://babel.dev/docs/en/next/babel-plugin-transform-named-capturing-groups-regex,runtime
@babel/plugin-transform-new-target,7.29.7,MIT,The Babel Team,https://babel.dev/docs/en/next/babel-plugin-transform-new-target,runtime
@babel/plugin-transform-nullish-coalescing-operator,7.29.7,MIT,The Babel Team,https://babel.dev/docs/en/next/babel-plugin-transform-nullish-coalescing-operator,runtime
@babel/plugin-transform-numeric-separator,7.29.7,MIT,The Babel Team,https://babel.dev/docs/en/next/babel-plugin-transform-numeric-separator,runtime
@babel/plugin-transform-object-rest-spread,7.29.7,MIT,The Babel Team,https://babel.dev/docs/en/next/babel-plugin-transform-object-rest-spread,runtime
@babel/plugin-transform-object-super,7.29.7,MIT,The Babel Team,https://babel.dev/docs/en/next/babel-plugin-transform-object-super,runtime
@babel/plugin-transform-optional-catch-binding,7.29.7,MIT,The Babel Team,https://babel.dev/docs/en/next/babel-plugin-transform-optional-catch-binding,runtime
@babel/plugin-transform-optional-chaining,7.29.7,MIT,The Babel Team,https://babel.dev/docs/en/next/babel-plugin-transform-optional-chaining,runtime
@babel/plugin-transform-parameters,7.29.7,MIT,The Babel Team,https://babel.dev/docs/en/next/babel-plugin-transform-parameters,runtime
@babel/plugin-transform-private-methods,7.29.7,MIT,The Babel Team,https://babel.dev/docs/en/next/babel-plugin-transform-private-methods,runtime
@babel/plugin-transform-private-property-in-object,7.29.7,MIT,The Babel Team,https://babel.dev/docs/en/next/babel-plugin-transform-private-property-in-object,runtime
@babel/plugin-transform-property-literals,7.29.7,MIT,The Babel Team,https://babel.dev/docs/en/next/babel-plugin-transform-property-literals,runtime
@babel/plugin-transform-react-display-name,7.29.7,MIT,The Babel Team,https://babel.dev/docs/en/next/babel-plugin-transform-react-display-name,runtime
@babel/plugin-transform-react-jsx,7.29.7,MIT,The Babel Team,https://babel.dev/docs/en/next/babel-plugin-transform-react-jsx,runtime
@babel/plugin-transform-react-jsx-development,7.29.7,MIT,The Babel Team,https://github.com/babel/babel#readme,runtime
@babel/plugin-transform-react-pure-annotations,7.29.7,MIT,The Babel Team,https://github.com/babel/babel#readme,runtime
@babel/plugin-transform-regenerator,7.29.8,MIT,The Babel Team,https://babel.dev/docs/en/next/babel-plugin-transform-regenerator,runtime
@babel/plugin-transform-regexp-modifiers,7.29.7,MIT,The Babel Team,https://babel.dev/docs/en/next/babel-plugin-transform-regexp-modifiers,runtime
@babel/plugin-transform-reserved-words,7.29.7,MIT,The Babel Team,https://babel.dev/docs/en/next/babel-plugin-transform-reserved-words,runtime
@babel/plugin-transform-shorthand-properties,7.29.7,MIT,The Babel Team,https://babel.dev/docs/en/next/babel-plugin-transform-shorthand-properties,runtime
@babel/plugin-transform-spread,7.29.8,MIT,The Babel Team,https://babel.dev/docs/en/next/babel-plugin-transform-spread,runtime
@babel/plugin-transform-sticky-regex,7.29.7,MIT,The Babel Team,https://babel.dev/docs/en/next/babel-plugin-transform-sticky-regex,runtime
@babel/plugin-transform-template-literals,7.29.7,MIT,The Babel Team,https://babel.dev/docs/en/next/babel-plugin-transform-template-literals,runtime
@babel/plugin-transform-typeof-symbol,7.29.7,MIT,The Babel Team,https://babel.dev/docs/en/next/babel-plugin-transform-typeof-symbol,runtime
@babel/plugin-transform-typescript,7.29.7,MIT,The Babel Team,https://babel.dev/docs/en/next/babel-plugin-transform-typescript,runtime
@babel/plugin-transform-unicode-escapes,7.29.7,MIT,The Babel Team,https://babel.dev/docs/en/next/babel-plugin-transform-unicode-escapes,runtime
@babel/plugin-transform-unicode-property-regex,7.29.7,MIT,The Babel Team,https://babel.dev/docs/en/next/babel-plugin-transform-unicode-property-regex,runtime
@babel/plugin-transform-unicode-regex,7.29.7,MIT,The Babel Team,https://babel.dev/docs/en/next/babel-plugin-transform-unicode-regex,runtime
@babel/plugin-transform-unicode-sets-regex,7.29.7,MIT,The Babel Team,https://babel.dev/docs/en/next/babel-plugin-transform-unicode-sets-regex,runtime
@babel/preset-env,7.29.7,MIT,The Babel Team,https://babel.dev/docs/en/next/babel-preset-env,runtime
@babel/preset-modules,0.1.6-no-external-plugins,MIT,,https://github.com/babel/preset-modules#readme,runtime
@babel/preset-react,7.29.7,MIT,The Babel Team,https://babel.dev/docs/en/next/babel-preset-react,runtime
@babel/preset-typescript,7.29.7,MIT,The Babel Team,https://babel.dev/docs/en/next/babel-preset-typescript,runtime
@babel/register,7.29.7,MIT,The Babel Team,https://babel.dev/docs/en/next/babel-register,runtime
@babel/runtime,7.29.7,MIT,The Babel Team,https://babel.dev/docs/en/next/babel-runtime,runtime
@babel/template,7.29.7,MIT,The Babel Team,https://babel.dev/docs/en/next/babel-template,runtime
@babel/traverse,7.29.8,MIT,The Babel Team,https://babel.dev/docs/en/next/babel-traverse,runtime
@babel/types,7.29.8,MIT,The Babel Team,https://babel.dev/docs/en/next/babel-types,runtime
@bramus/specificity,2.4.2,MIT,Bramus Van Damme,https://github.com/bramus/specificity#readme,runtime
@codemirror/autocomplete,6.20.3,MIT,Marijn Haverbeke,,runtime
@codemirror/commands,6.11.0,MIT,Marijn Haverbeke,,runtime
@codemirror/lang-javascript,6.2.5,MIT,Marijn Haverbeke,https://github.com/codemirror/lang-javascript#readme,runtime
@codemirror/language,6.12.4,MIT,Marijn Haverbeke,,runtime
@codemirror/lint,6.9.7,MIT,Marijn Haverbeke,,runtime
@codemirror/search,6.7.1,MIT,Marijn Haverbeke,,runtime
@codemirror/state,6.7.1,MIT,Marijn Haverbeke,,runtime
@codemirror/theme-one-dark,6.1.3,MIT,Marijn Haverbeke,https://github.com/codemirror/theme-one-dark#readme,runtime
@codemirror/view,6.43.9,MIT,Marijn Haverbeke,,runtime
@csstools/color-helpers,6.1.1,MIT-0,,https://github.com/csstools/postcss-plugins/tree/main/packages/color-helpers#readme,runtime
@csstools/css-calc,3.3.0,MIT,,https://github.com/csstools/postcss-plugins/tree/main/packages/css-calc#readme,runtime
@csstools/css-color-parser,4.2.1,MIT,,https://github.com/csstools/postcss-plugins/tree/main/packages/css-color-parser#readme,runtime
@csstools/css-parser-algorithms,4.0.0,MIT,,https://github.com/csstools/postcss-plugins/tree/main/packages/css-parser-algorithms#readme,runtime
@csstools/css-syntax-patches-for-csstree,1.1.9,MIT-0,,https://github.com/csstools/postcss-plugins/tree/main/packages/css-syntax-patches-for-csstree#readme,runtime
@csstools/css-tokenizer,4.0.0,MIT,,https://github.com/csstools/postcss-plugins/tree/main/packages/css-tokenizer#readme,runtime
@date-fns/tz,1.5.0,MIT,Sasha Koss,https://github.com/date-fns/date-fns#readme,runtime
@date-fns/utc,2.1.1,MIT,Sasha Koss,https://github.com/date-fns/utc#readme,runtime
@dnd-kit/accessibility,3.1.1,MIT,Claudéric Demers,https://github.com/clauderic/dnd-kit#readme,runtime
@dnd-kit/core,6.3.1,MIT,Claudéric Demers,https://github.com/clauderic/dnd-kit#readme,runtime
@dnd-kit/modifiers,9.0.0,MIT,Claudéric Demers,https://github.com/clauderic/dnd-kit#readme,runtime
@dnd-kit/sortable,10.0.0,MIT,Claudéric Demers,https://github.com/clauderic/dnd-kit#readme,runtime
@dnd-kit/utilities,3.2.2,MIT,Claudéric Demers,https://github.com/clauderic/dnd-kit#readme,runtime
@emotion/is-prop-valid,1.4.0,MIT,,https://github.com/emotion-js/emotion/tree/main#readme,runtime
@emotion/memoize,0.9.0,MIT,,https://github.com/emotion-js/emotion/tree/main#readme,runtime
@esbuild/darwin-arm64,0.28.2,MIT,,https://github.com/evanw/esbuild#readme,runtime
@eslint-community/eslint-utils,4.10.1,MIT,Toru Nagashima,https://github.com/eslint-community/eslint-utils#readme,build/dev
@eslint-community/eslint-utils,4.9.1,MIT,Toru Nagashima,https://github.com/eslint-community/eslint-utils#readme,build/dev
@eslint-community/regexpp,4.12.2,MIT,Toru Nagashima,https://github.com/eslint-community/regexpp#readme,build/dev
@eslint/config-array,0.21.2,Apache-2.0,Nicholas C. Zakas,https://github.com/eslint/rewrite/tree/main/packages/config-array#readme,build/dev
@eslint/config-helpers,0.4.2,Apache-2.0,,https://github.com/eslint/rewrite/tree/main/packages/config-helpers#readme,build/dev
@eslint/core,0.17.0,Apache-2.0,Nicholas C. Zakas,https://github.com/eslint/rewrite/tree/main/packages/core#readme,build/dev
@eslint/eslintrc,3.3.6,MIT,Nicholas C. Zakas,https://github.com/eslint/eslintrc#readme,build/dev
@eslint/js,9.39.5,MIT,,https://eslint.org,build/dev
@eslint/object-schema,2.1.7,Apache-2.0,Nicholas C. Zakas,https://github.com/eslint/rewrite/tree/main/packages/object-schema#readme,build/dev
@eslint/plugin-kit,0.4.1,Apache-2.0,Nicholas C. Zakas,https://github.com/eslint/rewrite/tree/main/packages/plugin-kit#readme,build/dev
@exodus/bytes,1.15.1,MIT,"Exodus Movement, Inc.",https://github.com/ExodusOSS/bytes,runtime
@floating-ui/core,1.8.0,MIT,atomiks,https://floating-ui.com,runtime
@floating-ui/dom,1.8.0,MIT,atomiks,https://floating-ui.com,runtime
@floating-ui/utils,0.2.12,MIT,atomiks,https://floating-ui.com,runtime
@gsap/react,2.1.2,SEE LICENSE AT https://gsap.com/standard-license,Jack Doyle,https://github.com/greensock/react#readme,runtime
@humanfs/core,0.19.2,Apache-2.0,Nicholas C. Zakas,https://github.com/humanwhocodes/humanfs#readme,build/dev
@humanfs/node,0.16.8,Apache-2.0,Nicholas C. Zakas,https://github.com/humanwhocodes/humanfs#readme,build/dev
@humanfs/types,0.15.0,Apache-2.0,Nicholas C. Zakas,https://github.com/humanwhocodes/humanfs#readme,build/dev
@humanwhocodes/module-importer,1.0.1,Apache-2.0,Nicholas C. Zaks,https://github.com/humanwhocodes/module-importer#readme,build/dev
@humanwhocodes/retry,0.4.3,Apache-2.0,Nicholas C. Zaks,https://github.com/humanwhocodes/retry#readme,build/dev
@img/colour,1.1.0,MIT,,https://github.com/lovell/colour#readme,runtime
@img/sharp-darwin-arm64,0.35.3,Apache-2.0,Lovell Fuller,https://sharp.pixelplumbing.com,runtime
@img/sharp-libvips-darwin-arm64,1.3.2,LGPL-3.0-or-later,Lovell Fuller,https://sharp.pixelplumbing.com,runtime
@inquirer/ansi,1.0.2,MIT,Simon Boudrias,https://github.com/SBoudrias/Inquirer.js/blob/main/packages/ansi/README.md,runtime
@inquirer/ansi,2.0.7,MIT,Simon Boudrias,https://github.com/SBoudrias/Inquirer.js/blob/main/packages/ansi/README.md,runtime
@inquirer/checkbox,4.3.2,MIT,Simon Boudrias,https://github.com/SBoudrias/Inquirer.js/blob/main/packages/checkbox/README.md,runtime
@inquirer/checkbox,5.2.3,MIT,Simon Boudrias,https://github.com/SBoudrias/Inquirer.js/blob/main/packages/checkbox/README.md,runtime
@inquirer/confirm,5.1.21,MIT,Simon Boudrias,https://github.com/SBoudrias/Inquirer.js/blob/main/packages/confirm/README.md,runtime
@inquirer/confirm,6.3.0,MIT,Simon Boudrias,https://github.com/SBoudrias/Inquirer.js/blob/main/packages/confirm/README.md,runtime
@inquirer/core,10.3.2,MIT,Simon Boudrias,https://github.com/SBoudrias/Inquirer.js/blob/main/packages/core/README.md,runtime
@inquirer/core,12.0.1,MIT,Simon Boudrias,https://github.com/SBoudrias/Inquirer.js/blob/main/packages/core/README.md,runtime
@inquirer/editor,4.2.23,MIT,Simon Boudrias,https://github.com/SBoudrias/Inquirer.js/blob/main/packages/editor/README.md,runtime
@inquirer/editor,5.3.1,MIT,Simon Boudrias,https://github.com/SBoudrias/Inquirer.js/blob/main/packages/editor/README.md,runtime
@inquirer/expand,4.0.23,MIT,Simon Boudrias,https://github.com/SBoudrias/Inquirer.js/blob/main/packages/expand/README.md,runtime
@inquirer/expand,5.1.3,MIT,Simon Boudrias,https://github.com/SBoudrias/Inquirer.js/blob/main/packages/expand/README.md,runtime
@inquirer/external-editor,1.0.3,MIT,Simon Boudrias,https://github.com/SBoudrias/Inquirer.js/blob/main/packages/external-editor/README.md,runtime
@inquirer/external-editor,3.0.4,MIT,Simon Boudrias,https://github.com/SBoudrias/Inquirer.js/blob/main/packages/external-editor/README.md,runtime
@inquirer/figures,1.0.15,MIT,Simon Boudrias,https://github.com/SBoudrias/Inquirer.js#readme,runtime
@inquirer/figures,2.0.8,MIT,Simon Boudrias,https://github.com/SBoudrias/Inquirer.js#readme,runtime
@inquirer/input,4.3.1,MIT,Simon Boudrias,https://github.com/SBoudrias/Inquirer.js/blob/main/packages/input/README.md,runtime
@inquirer/input,5.1.4,MIT,Simon Boudrias,https://github.com/SBoudrias/Inquirer.js/blob/main/packages/input/README.md,runtime
@inquirer/number,3.0.23,MIT,Simon Boudrias,https://github.com/SBoudrias/Inquirer.js/blob/main/packages/number/README.md,runtime
@inquirer/number,4.2.1,MIT,Simon Boudrias,https://github.com/SBoudrias/Inquirer.js/blob/main/packages/number/README.md,runtime
@inquirer/password,4.0.23,MIT,Simon Boudrias,https://github.com/SBoudrias/Inquirer.js/blob/main/packages/password/README.md,runtime
@inquirer/password,5.2.0,MIT,Simon Boudrias,https://github.com/SBoudrias/Inquirer.js/blob/main/packages/password/README.md,runtime
@inquirer/prompts,7.10.1,MIT,Simon Boudrias,https://github.com/SBoudrias/Inquirer.js/blob/main/packages/prompts/README.md,runtime
@inquirer/prompts,8.7.0,MIT,Simon Boudrias,https://github.com/SBoudrias/Inquirer.js/blob/main/packages/prompts/README.md,runtime
@inquirer/rawlist,4.1.11,MIT,Simon Boudrias,https://github.com/SBoudrias/Inquirer.js/blob/main/packages/rawlist/README.md,runtime
@inquirer/rawlist,5.3.3,MIT,Simon Boudrias,https://github.com/SBoudrias/Inquirer.js/blob/main/packages/rawlist/README.md,runtime
@inquirer/search,3.2.2,MIT,Simon Boudrias,https://github.com/SBoudrias/Inquirer.js/blob/main/packages/search/README.md,runtime
@inquirer/search,4.3.1,MIT,Simon Boudrias,https://github.com/SBoudrias/Inquirer.js/blob/main/packages/search/README.md,runtime
@inquirer/select,4.4.2,MIT,Simon Boudrias,https://github.com/SBoudrias/Inquirer.js/blob/main/packages/select/README.md,runtime
@inquirer/select,5.2.3,MIT,Simon Boudrias,https://github.com/SBoudrias/Inquirer.js/blob/main/packages/select/README.md,runtime
@inquirer/type,3.0.10,MIT,Simon Boudrias,https://github.com/SBoudrias/Inquirer.js#readme,runtime
@inquirer/type,4.1.0,MIT,Simon Boudrias,https://github.com/SBoudrias/Inquirer.js#readme,runtime
@isaacs/fs-minipass,4.0.1,ISC,Isaac Z. Schlueter,https://github.com/npm/fs-minipass#readme,runtime
@isaacs/ttlcache,2.1.5,BlueOak-1.0.0,Isaac Z. Schlueter,https://github.com/isaacs/ttlcache#readme,runtime
@jridgewell/gen-mapping,0.3.13,MIT,Justin Ridgewell,https://github.com/jridgewell/sourcemaps/tree/main/packages/gen-mapping,runtime
@jridgewell/remapping,2.3.5,MIT,Justin Ridgewell,https://github.com/jridgewell/sourcemaps/tree/main/packages/remapping,runtime
@jridgewell/resolve-uri,3.1.2,MIT,Justin Ridgewell,https://github.com/jridgewell/resolve-uri#readme,runtime
@jridgewell/sourcemap-codec,1.5.5,MIT,Justin Ridgewell,https://github.com/jridgewell/sourcemaps/tree/main/packages/sourcemap-codec,runtime
@jridgewell/trace-mapping,0.3.31,MIT,Justin Ridgewell,https://github.com/jridgewell/sourcemaps/tree/main/packages/trace-mapping,runtime
@lezer/common,1.5.2,MIT,Marijn Haverbeke,https://github.com/lezer-parser/common#readme,runtime
@lezer/highlight,1.2.3,MIT,Marijn Haverbeke,https://github.com/lezer-parser/highlight#readme,runtime
@lezer/javascript,1.5.4,MIT,Marijn Haverbeke,https://github.com/lezer-parser/javascript#readme,runtime
@lezer/lr,1.4.10,MIT,Marijn Haverbeke,,runtime
@marijn/find-cluster-break,1.0.4,MIT,Marijn Haverbeke,https://code.haverbeke.berlin/marijn/find-cluster-break,runtime
@module-federation/dts-plugin,2.8.2,MIT,hanric,https://github.com/module-federation/core#readme,runtime
@module-federation/error-codes,2.8.2,MIT,zhanghang,https://github.com/module-federation/core#readme,runtime
@module-federation/error-codes,2.9.0,MIT,zhanghang,https://github.com/module-federation/core#readme,runtime
@module-federation/managers,2.8.2,MIT,hanric,https://github.com/module-federation/core#readme,runtime
@module-federation/runtime,2.8.2,MIT,zhouxiao,https://github.com/module-federation/core#readme,runtime
@module-federation/runtime,2.9.0,MIT,zhouxiao,https://github.com/module-federation/core#readme,runtime
@module-federation/runtime-core,2.8.2,MIT,zhouxiao,https://github.com/module-federation/core#readme,runtime
@module-federation/runtime-core,2.9.0,MIT,zhouxiao,https://github.com/module-federation/core#readme,runtime
@module-federation/sdk,2.8.2,MIT,zhanghang,https://github.com/module-federation/core#readme,runtime
@module-federation/sdk,2.9.0,MIT,zhanghang,https://github.com/module-federation/core#readme,runtime
@module-federation/third-party-dts-extractor,2.8.2,MIT,hanric,https://github.com/module-federation/core#readme,runtime
@module-federation/vite,1.20.7,MIT,Giorgio Boa,https://github.com/module-federation/vite#readme,runtime
@mux/mux-data-google-ima,0.3.17,MIT,"Mux, Inc",,runtime
@mux/mux-player,3.13.2,MIT,"Mux, Inc.",https://mux.com/player,runtime
@mux/mux-player,3.13.4,MIT,"Mux, Inc.",https://mux.com/player,runtime
@mux/mux-player-react,3.13.2,MIT,"Mux, Inc.",https://mux.com/player,runtime
@mux/mux-player-react,3.13.4,MIT,"Mux, Inc.",https://mux.com/player,runtime
@mux/mux-video,0.31.2,MIT,"Mux, Inc.",https://github.com/muxinc/elements#readme,runtime
@mux/mux-video,0.31.4,MIT,"Mux, Inc.",https://github.com/muxinc/elements#readme,runtime
@mux/playback-core,0.35.2,MIT,"Mux, Inc.",https://github.com/muxinc/elements#readme,runtime
@mux/playback-core,0.35.4,MIT,"Mux, Inc.",https://github.com/muxinc/elements#readme,runtime
@mux/upchunk,3.5.0,MIT,Matthew McClure,https://github.com/muxinc/upchunk#readme,runtime
@next/env,16.3.0,MIT,Next.js Team,https://github.com/vercel/next.js#readme,runtime
@next/eslint-plugin-next,16.3.0,MIT,,https://github.com/vercel/next.js#readme,build/dev
@next/swc-darwin-arm64,16.3.0,MIT,,https://github.com/vercel/next.js#readme,runtime
@noble/ed25519,3.2.0,MIT,Paul Miller,https://paulmillr.com/noble/,runtime
@noble/hashes,2.4.0,MIT,Paul Miller,https://paulmillr.com/noble/,runtime
@nodelib/fs.scandir,2.1.5,MIT,,https://github.com/nodelib/nodelib/tree/master#readme,runtime
@nodelib/fs.stat,2.0.5,MIT,,https://github.com/nodelib/nodelib/tree/master#readme,runtime
@nodelib/fs.walk,1.2.8,MIT,,https://github.com/nodelib/nodelib/tree/master#readme,runtime
@nolyfill/is-core-module,1.0.39,MIT,,https://github.com/SukkaW/nolyfill#readme,build/dev
@oclif/core,4.14.0,MIT,Salesforce,https://github.com/oclif/core,runtime
@oclif/plugin-help,6.3.0,MIT,Salesforce,https://github.com/oclif/plugin-help,runtime
@oclif/plugin-not-found,3.3.0,MIT,Salesforce,https://github.com/oclif/plugin-not-found,runtime
@octokit/auth-token,6.0.0,MIT,Gregor Martynus,https://github.com/octokit/auth-token.js#readme,runtime
@octokit/core,7.0.7,MIT,Gregor Martynus,https://github.com/octokit/core.js#readme,runtime
@octokit/endpoint,11.0.4,MIT,Gregor Martynus,https://github.com/octokit/endpoint.js#readme,runtime
@octokit/graphql,9.0.4,MIT,Gregor Martynus,https://github.com/octokit/graphql.js#readme,runtime
@octokit/openapi-types,27.0.0,MIT,Gregor Martynus,https://github.com/octokit/openapi-types.ts#readme,runtime
@octokit/openapi-types,28.0.0,MIT,Gregor Martynus,https://github.com/octokit/openapi-types.ts#readme,runtime
@octokit/plugin-paginate-rest,14.0.0,MIT,,https://github.com/octokit/plugin-paginate-rest.js#readme,runtime
@octokit/plugin-rest-endpoint-methods,17.0.0,MIT,Gregor Martynus,https://github.com/octokit/plugin-rest-endpoint-methods.js#readme,runtime
@octokit/request,10.0.15,MIT,Gregor Martynus,https://github.com/octokit/request.js#readme,runtime
@octokit/request-error,7.1.1,MIT,Gregor Martynus,https://github.com/octokit/request-error.js#readme,runtime
@octokit/types,16.0.0,MIT,Gregor Martynus,https://github.com/octokit/types.ts#readme,runtime
@octokit/types,17.0.0,MIT,Gregor Martynus,https://github.com/octokit/types.ts#readme,runtime
@oxc-project/types,0.147.0,MIT,Boshen and oxc contributors,https://oxc.rs,runtime
@pnpm/config.env-replace,1.1.0,MIT,,https://bit.cloud/pnpm/config/env-replace,runtime
@pnpm/network.ca-file,1.0.2,MIT,,https://bit.dev/pnpm/network/ca-file,runtime
@pnpm/npm-conf,3.0.3,MIT,,https://github.com/pnpm/npm-conf#readme,runtime
@portabletext/editor,8.1.0,MIT,Sanity.io,https://www.sanity.io/,runtime
@portabletext/html,2.0.0,MIT,Sanity.io,https://portabletext.org,runtime
@portabletext/keyboard-shortcuts,3.0.0,MIT,Sanity.io,https://portabletext.org,runtime
@portabletext/patches,3.0.0,MIT,Sanity.io,https://www.sanity.io/,runtime
@portabletext/plugin-character-pair-decorator,9.0.4,MIT,Sanity.io,https://portabletext.org,runtime
@portabletext/plugin-dnd,2.0.4,MIT,Sanity.io,https://portabletext.org,runtime
@portabletext/plugin-input-rule,7.0.4,MIT,Sanity.io,https://www.portabletext.org/,runtime
@portabletext/plugin-list-index,2.0.4,MIT,Sanity.io,https://portabletext.org,runtime
@portabletext/plugin-markdown-shortcuts,9.0.4,MIT,Sanity.io,https://portabletext.org,runtime
@portabletext/plugin-one-line,8.0.4,MIT,Sanity.io,https://portabletext.org,runtime
@portabletext/plugin-paste-link,5.0.4,MIT,Sanity.io,https://portabletext.org,runtime
@portabletext/plugin-table,2.0.4,MIT,Sanity.io,https://portabletext.org,runtime
@portabletext/plugin-typography,9.0.4,MIT,Sanity.io,https://www.portabletext.org/,runtime
@portabletext/react,7.0.1,MIT,Sanity.io,https://github.com/portabletext/react-portabletext#readme,runtime
@portabletext/react,8.0.1,MIT,Sanity.io,https://github.com/portabletext/react-portabletext#readme,runtime
@portabletext/sanity-bridge,4.0.0,MIT,Sanity.io,https://www.portabletext.org/,runtime
@portabletext/schema,3.0.0,MIT,Sanity.io,https://www.portabletext.org/,runtime
@portabletext/to-html,6.0.0,MIT,Sanity.io,https://github.com/portabletext/to-html#readme,runtime
@portabletext/toolkit,5.0.2,MIT,Sanity.io,https://github.com/portabletext/toolkit#readme,runtime
@portabletext/toolkit,6.0.0,MIT,Sanity.io,https://github.com/portabletext/toolkit#readme,runtime
@portabletext/types,4.0.2,MIT,Sanity.io,https://github.com/portabletext/types#readme,runtime
@rexxars/react-json-inspector,9.0.1,MIT,Aziz Yuldoshev,https://github.com/Lapple/react-json-inspector#readme,runtime
@rexxars/react-split-pane,1.0.0,MIT,tomkp,https://github.com/rexxars/react-split-pane,runtime
@rolldown/binding-darwin-arm64,1.2.6,MIT,,https://rolldown.rs/,runtime
@rolldown/plugin-babel,0.2.3,MIT,,https://github.com/rolldown/plugins/tree/main/packages/babel#readme,runtime
@rolldown/pluginutils,1.0.1,MIT,,https://github.com/rolldown/plugins/tree/main/packages/pluginutils#readme,runtime
@rtsao/scc,1.1.0,MIT,,https://github.com/rtsao/scc#readme,build/dev
@sanity-labs/design-tokens,0.0.2-alpha.4,MIT,Cole Peters,https://github.com/sanity-labs/design-tokens-poc#readme,runtime
@sanity-labs/oclif-plugin-skills-flag,0.2.1,MIT,Sanity,https://github.com/sanity-labs/oclif-plugin-skills-flag#readme,runtime
@sanity/access-ui,6.11.0,MIT,Sanity.io,https://www.sanity.io/,runtime
@sanity/asset-utils,2.3.0,MIT,Sanity.io,https://github.com/sanity-io/asset-utils#readme,runtime
@sanity/bifur-client,1.0.0,MIT,Sanity.io,https://github.com/sanity-io/bifur-client#readme,runtime
@sanity/bifur-client,2.0.2,MIT,Sanity.io,https://github.com/sanity-io/bifur-client#readme,runtime
@sanity/blueprints,0.23.6,MIT,Sanity.io,https://github.com/sanity-io/blueprints-node#readme,runtime
@sanity/blueprints-parser,0.5.0,MIT,Sanity.io,https://github.com/sanity-io/blueprints-parser#readme,runtime
@sanity/cli,8.5.0,MIT,Sanity.io,https://github.com/sanity-io/cli,runtime
@sanity/cli-build,5.3.1,MIT,Sanity.io,https://github.com/sanity-io/cli,runtime
@sanity/cli-build,6.0.2,MIT,Sanity.io,https://github.com/sanity-io/cli,runtime
@sanity/cli-core,2.8.1,MIT,Sanity.io,https://github.com/sanity-io/cli,runtime
@sanity/cli-core,3.5.0,MIT,Sanity.io,https://github.com/sanity-io/cli,runtime
@sanity/client,7.26.2,MIT,Sanity.io,https://www.sanity.io/,runtime
@sanity/client,8.4.0,MIT,Sanity.io,https://www.sanity.io/,runtime
@sanity/codegen,8.0.0,MIT,Sanity.io,https://www.sanity.io/,runtime
@sanity/color,3.0.8,MIT,Sanity.io,https://www.sanity.io/,runtime
@sanity/comlink,4.0.3,MIT,Sanity.io,https://github.com/sanity-io/comlink/tree/main/packages/comlink#readme,runtime
@sanity/descriptors,1.3.0,MIT,Magnus Holm,https://github.com/sanity-io/descriptors#readme,runtime
@sanity/diff,6.11.0,MIT,Sanity.io,https://www.sanity.io/,runtime
@sanity/diff-match-patch,3.2.0,Apache-2.0,Google Inc.,,runtime
@sanity/diff-patch,5.0.0,MIT,Sanity.io,https://github.com/sanity-io/diff-patch#readme,runtime
@sanity/diff-patch,6.0.0,MIT,Sanity.io,https://github.com/sanity-io/diff-patch#readme,runtime
@sanity/eventsource,5.0.4,MIT,Sanity.io,https://www.sanity.io/,runtime
@sanity/export,6.2.1,MIT,Sanity.io,https://www.sanity.io/,runtime
@sanity/generate-help-url,4.0.0,MIT,Sanity.io,https://github.com/sanity-io/generate-help-url#readme,runtime
@sanity/groq-condition-describe,0.4.1,MIT,Sanity.io,https://github.com/sanity-io/workflows/tree/main/packages/groq-condition-describe#readme,runtime
@sanity/icons,5.2.1,MIT,Sanity.io,https://icons.sanity.dev/,runtime
@sanity/id-utils,1.0.0,MIT,Sanity.io,https://github.com/sanity-io/id-utils#readme,runtime
@sanity/image-url,2.1.1,MIT,Sanity.io,https://www.sanity.io/,runtime
@sanity/import,6.0.4,MIT,Sanity.io,https://www.sanity.io/,runtime
@sanity/json-match,1.0.5,MIT,Sanity.io,https://github.com/sanity-io/json-match#readme,runtime
@sanity/lezer-groq,1.0.4,MIT,,https://github.com/sanity-io/groq-syntax#readme,runtime
@sanity/logos,2.2.5,MIT,Sanity.io,https://www.sanity.io/,runtime
@sanity/media-library-types,1.6.0,MIT,Sanity.io,https://www.sanity.io/,runtime
@sanity/message-protocol,0.24.0,MIT,Sanity.io,https://github.com/sanity-io/ada#readme,runtime
@sanity/migrate,8.0.2,MIT,Sanity.io,https://www.sanity.io/,runtime
@sanity/mutate,0.18.1,MIT,Sanity.io,https://github.com/sanity-io/mutate#readme,runtime
@sanity/mutator,6.11.0,MIT,Sanity.io,https://www.sanity.io/,runtime
@sanity/presentation-comlink,2.2.3,MIT,Sanity.io,https://github.com/sanity-io/comlink/tree/main/packages/presentation-comlink#readme,runtime
@sanity/preview-url-secret,4.1.5,MIT,Sanity.io,https://github.com/sanity-io/visual-editing/tree/main/packages/preview-url-secret#readme,runtime
@sanity/prism-groq,1.1.2,MIT,,https://github.com/sanity-io/groq-syntax#readme,runtime
@sanity/runtime-cli,17.10.0,MIT,Sanity Runtime Team,https://github.com/sanity-io/runtime-cli,runtime
@sanity/schema,6.11.0,MIT,Sanity.io,https://www.sanity.io/,runtime
@sanity/sdk,2.20.2,MIT,Sanity,https://github.com/sanity-io/sdk/tree/main/packages/core/README.md,runtime
@sanity/sdk-react,2.20.2,MIT,Sanity,https://github.com/sanity-io/sdk/tree/main/packages/react/README.md,runtime
@sanity/signed-urls,2.0.5,MIT,Sanity.io,https://github.com/sanity-io/signed-urls,runtime
@sanity/telemetry,1.1.0,MIT,Bjørge Næss,https://github.com/sanity-io/telemetry#readme,runtime
@sanity/template-validator,3.1.0,MIT,Sanity.io,https://github.com/sanity-io/template-validator#readme,runtime
@sanity/types,5.31.2,MIT,Sanity.io,https://www.sanity.io/,runtime
@sanity/types,6.11.0,MIT,Sanity.io,https://www.sanity.io/,runtime
@sanity/ui,5.0.0-alpha.10,ISC,Sanity,https://github.com/sanity-io/ui#readme,runtime
@sanity/util,6.11.0,MIT,Sanity.io,https://www.sanity.io/,runtime
@sanity/uuid,3.0.3,MIT,Sanity.io,https://www.sanity.io/,runtime
@sanity/vision,6.11.0,MIT,Sanity.io,https://www.sanity.io/,runtime
@sanity/visual-editing,6.1.1,MIT,Sanity.io,https://github.com/sanity-io/visual-editing/tree/main/packages/visual-editing#readme,runtime
@sanity/visual-editing-csm,3.0.17,MIT,Sanity.io,https://github.com/sanity-io/visual-editing/tree/main/packages/visual-editing-csm#readme,runtime
@sanity/visual-editing-types,2.1.1,MIT,Sanity.io,https://github.com/sanity-io/visual-editing/tree/main/packages/visual-editing-types#readme,runtime
@sanity/webhook,4.0.4,MIT,Sanity.io,https://github.com/sanity-io/webhook-toolkit#readme,runtime
@sanity/workbench,0.1.0-alpha.42,MIT,Sanity.io,https://github.com/sanity-io/workbench/packages/@sanity/workbench#readme,runtime
@sanity/workbench-cli,2.2.3,MIT,Sanity.io,https://github.com/sanity-io/cli,runtime
@sanity/worker-channels,2.0.0,MIT,Sanity.io,https://github.com/sanity-io/worker-channels#readme,runtime
@sanity/workflow-cli,0.30.0,MIT,Sanity.io,https://github.com/sanity-io/workflows/tree/main/packages/workflow-cli#readme,runtime
@sanity/workflow-engine,0.30.0,MIT,Sanity.io,https://github.com/sanity-io/workflows/tree/main/packages/workflow-engine#readme,runtime
@sec-ant/readable-stream,0.4.1,MIT,Ze-Zheng Wu,https://github.com/Sec-ant/readable-stream,runtime
@sentry/browser,10.72.0,MIT,Sentry,https://github.com/getsentry/sentry-javascript/tree/master/packages/browser,runtime
@sentry/browser-utils,10.72.0,MIT,Sentry,https://github.com/getsentry/sentry-javascript/tree/master/packages/browser-utils,runtime
@sentry/conventions,0.16.0,MIT,,https://github.com/getsentry/sentry-conventions#readme,runtime
@sentry/core,10.72.0,MIT,Sentry,https://github.com/getsentry/sentry-javascript/tree/master/packages/core,runtime
@sentry/feedback,10.72.0,MIT,Sentry,https://github.com/getsentry/sentry-javascript/tree/master/packages/feedback,runtime
@sentry/react,10.72.0,MIT,Sentry,https://github.com/getsentry/sentry-javascript/tree/master/packages/react,runtime
@sentry/replay,10.72.0,MIT,Sentry,https://docs.sentry.io/platforms/javascript/session-replay/,runtime
@sentry/replay-canvas,10.72.0,MIT,Sentry,https://docs.sentry.io/platforms/javascript/session-replay/,runtime
@sindresorhus/merge-streams,4.0.0,MIT,Sindre Sorhus,https://github.com/sindresorhus/merge-streams#readme,runtime
@swc/helpers,0.5.15,Apache-2.0,강동윤,https://swc.rs,runtime
@tailwindcss/node,4.3.3,MIT,,https://tailwindcss.com,build/dev
@tailwindcss/oxide,4.3.3,MIT,,https://github.com/tailwindlabs/tailwindcss#readme,build/dev
@tailwindcss/postcss,4.3.3,MIT,,https://tailwindcss.com,build/dev
@tanstack/react-virtual,3.14.10,MIT,Tanner Linsley,https://tanstack.com/virtual,runtime
@tanstack/virtual-core,3.17.8,MIT,Tanner Linsley,https://tanstack.com/virtual,runtime
@types/estree,1.0.9,MIT,,https://github.com/DefinitelyTyped/DefinitelyTyped/tree/master/types/estree,build/dev
@types/event-source-polyfill,1.0.5,MIT,,https://github.com/DefinitelyTyped/DefinitelyTyped/tree/master/types/event-source-polyfill,runtime
@types/eventsource,1.1.15,MIT,,https://github.com/DefinitelyTyped/DefinitelyTyped/tree/master/types/eventsource,runtime
@types/google_interactive_media_ads_types,3.697.1,MIT,,https://github.com/DefinitelyTyped/DefinitelyTyped/tree/master/types/google_interactive_media_ads_types,runtime
@types/hast,3.0.5,MIT,,https://github.com/DefinitelyTyped/DefinitelyTyped/tree/master/types/hast,runtime
@types/json-schema,7.0.15,MIT,,https://github.com/DefinitelyTyped/DefinitelyTyped/tree/master/types/json-schema,build/dev
@types/json5,0.0.29,MIT,Jason Swearingen,https://github.com/DefinitelyTyped/DefinitelyTyped#readme,build/dev
@types/node,20.19.43,MIT,,https://github.com/DefinitelyTyped/DefinitelyTyped/tree/master/types/node,runtime
@types/prismjs,1.26.6,MIT,,https://github.com/DefinitelyTyped/DefinitelyTyped/tree/master/types/prismjs,runtime
@types/react,19.2.18,MIT,,https://github.com/DefinitelyTyped/DefinitelyTyped/tree/master/types/react,runtime
@types/react-dom,19.2.4,MIT,,https://github.com/DefinitelyTyped/DefinitelyTyped/tree/master/types/react-dom,runtime
@types/trusted-types,2.0.7,MIT,,https://github.com/DefinitelyTyped/DefinitelyTyped/tree/master/types/trusted-types,runtime
@types/unist,2.0.11,MIT,,https://github.com/DefinitelyTyped/DefinitelyTyped/tree/master/types/unist,runtime
@types/unist,3.0.3,MIT,,https://github.com/DefinitelyTyped/DefinitelyTyped/tree/master/types/unist,runtime
@typescript-eslint/eslint-plugin,8.67.0,MIT,,https://typescript-eslint.io/packages/eslint-plugin,build/dev
@typescript-eslint/parser,8.67.0,MIT,,https://typescript-eslint.io/packages/parser,build/dev
@typescript-eslint/project-service,8.67.0,MIT,,https://typescript-eslint.io,build/dev
@typescript-eslint/scope-manager,8.67.0,MIT,,https://typescript-eslint.io/packages/scope-manager,build/dev
@typescript-eslint/tsconfig-utils,8.67.0,MIT,,https://typescript-eslint.io,build/dev
@typescript-eslint/type-utils,8.67.0,MIT,,https://typescript-eslint.io,build/dev
@typescript-eslint/types,8.67.0,MIT,,https://typescript-eslint.io,build/dev
@typescript-eslint/typescript-estree,8.67.0,MIT,,https://typescript-eslint.io/packages/typescript-estree,build/dev
@typescript-eslint/utils,8.67.0,MIT,,https://typescript-eslint.io/packages/utils,build/dev
@typescript-eslint/visitor-keys,8.67.0,MIT,,https://typescript-eslint.io,build/dev
@uiw/codemirror-extensions-basic-setup,4.25.11,MIT,kenny wong,https://uiwjs.github.io/react-codemirror/#/extensions/basic-setup,runtime
@uiw/react-codemirror,4.25.11,MIT,kenny wong,https://uiwjs.github.io/react-codemirror,runtime
@vanilla-extract/dynamic,2.1.5,MIT,SEEK,https://github.com/vanilla-extract-css/vanilla-extract#readme,runtime
@vanilla-extract/private,1.0.9,MIT,SEEK,https://github.com/vanilla-extract-css/vanilla-extract#readme,runtime
@vercel/error-utils,2.2.0,Apache-2.0,,https://github.com/vercel/vercel#readme,runtime
@vercel/frameworks,3.29.0,Apache-2.0,,https://github.com/vercel/vercel#readme,runtime
@vercel/stega,1.1.0,MPL-2.0,,,runtime
@vitejs/plugin-react,6.1.1,MIT,Evan You,https://github.com/vitejs/vite-plugin-react/tree/main/packages/plugin-react#readme,runtime
@xstate/react,6.1.0,MIT,David Khourshid,https://github.com/statelyai/xstate/tree/main/packages/xstate-react#readme,runtime
acorn,8.18.0,MIT,,https://github.com/acornjs/acorn,runtime
acorn-jsx,5.3.2,MIT,,https://github.com/acornjs/acorn-jsx,build/dev
acorn-loose,8.5.2,MIT,,https://github.com/acornjs/acorn,runtime
adm-zip,0.6.0,MIT,Nasca Iacob,https://github.com/cthackers/adm-zip,runtime
agent-base,7.1.4,MIT,Nathan Rajlich,https://github.com/TooTallNate/proxy-agents#readme,runtime
ajv,6.15.0,MIT,Evgeny Poberezkin,https://github.com/ajv-validator/ajv,build/dev
ansi-align,3.0.1,ISC,nexdrew,https://github.com/nexdrew/ansi-align#readme,runtime
ansi-escapes,4.3.2,MIT,Sindre Sorhus,https://github.com/sindresorhus/ansi-escapes#readme,runtime
ansi-regex,5.0.1,MIT,Sindre Sorhus,https://github.com/chalk/ansi-regex#readme,runtime
ansi-regex,6.3.0,MIT,Sindre Sorhus,https://github.com/chalk/ansi-regex#readme,runtime
ansi-styles,4.3.0,MIT,Sindre Sorhus,https://github.com/chalk/ansi-styles#readme,runtime
ansi-styles,6.2.3,MIT,Sindre Sorhus,https://github.com/chalk/ansi-styles#readme,runtime
ansicolors,0.3.2,MIT,Thorsten Lorenz,https://github.com/thlorenz/ansicolors#readme,runtime
ansis,3.17.0,ISC,webdiscus,https://github.com/webdiscus/ansis#readme,runtime
anymatch,3.1.3,ISC,Elan Shanker,https://github.com/micromatch/anymatch,runtime
argparse,1.0.10,MIT,,https://github.com/nodeca/argparse#readme,runtime
argparse,2.0.1,Python-2.0,,https://github.com/nodeca/argparse#readme,build/dev
aria-query,5.3.2,Apache-2.0,Jesse Beach,https://github.com/A11yance/aria-query#readme,build/dev
array-buffer-byte-length,1.0.2,MIT,Jordan Harband,https://github.com/inspect-js/array-buffer-byte-length#readme,build/dev
array-includes,3.1.9,MIT,Jordan Harband,https://github.com/es-shims/array-includes#readme,build/dev
array-timsort,1.0.3,MIT,,https://github.com/kaelzhang/node-array-timsort,runtime
array-treeify,0.2.0,MIT,tbeseda,https://github.com/tbeseda/array-treeify#readme,runtime
array-union,2.1.0,MIT,Sindre Sorhus,https://github.com/sindresorhus/array-union#readme,runtime
array.prototype.findlast,1.2.5,MIT,Jordan Harband,https://github.com/es-shims/Array.prototype.findLast#readme,build/dev
array.prototype.findlastindex,1.2.6,MIT,Jordan Harband,https://github.com/es-shims/Array.prototype.findLastIndex#readme,build/dev
array.prototype.flat,1.3.3,MIT,Jordan Harband,https://github.com/es-shims/Array.prototype.flat#readme,build/dev
array.prototype.flatmap,1.3.3,MIT,Jordan Harband,https://github.com/es-shims/Array.prototype.flatMap#readme,build/dev
array.prototype.tosorted,1.1.4,MIT,Jordan Harband,https://github.com/es-shims/Array.prototype.toSorted#readme,build/dev
arraybuffer.prototype.slice,1.0.4,MIT,Jordan Harband,https://github.com/es-shims/ArrayBuffer.prototype.slice#readme,build/dev
arrify,3.0.0,MIT,Sindre Sorhus,https://github.com/sindresorhus/arrify#readme,runtime
ast-types-flow,0.0.8,MIT,kyldvs,https://github.com/kyldvs/ast-types-flow#readme,build/dev
async-function,1.0.0,MIT,Jordan Harbamd,https://github.com/ljharb/async-function#readme,build/dev
asynckit,0.4.0,MIT,Alex Indigo,https://github.com/alexindigo/asynckit#readme,runtime
available-typed-arrays,1.0.7,MIT,Jordan Harband,https://github.com/inspect-js/available-typed-arrays#readme,build/dev
aws4,1.13.2,MIT,Michael Hart,https://github.com/mhart/aws4#readme,runtime
axe-core,4.13.0,MPL-2.0,,https://www.deque.com/axe/,build/dev
axobject-query,4.1.0,Apache-2.0,Jesse Beach,https://github.com/A11yance/axobject-query#readme,build/dev
b4a,1.8.1,Apache-2.0,Holepunch,https://github.com/holepunchto/b4a#readme,runtime
babel-plugin-polyfill-corejs2,0.4.17,MIT,,https://github.com/babel/babel-polyfills#readme,runtime
babel-plugin-polyfill-corejs3,0.14.2,MIT,,https://github.com/babel/babel-polyfills#readme,runtime
babel-plugin-polyfill-regenerator,0.6.8,MIT,,https://github.com/babel/babel-polyfills#readme,runtime
balanced-match,1.0.2,MIT,,https://github.com/juliangruber/balanced-match#readme,build/dev
balanced-match,4.0.4,MIT,,https://github.com/juliangruber/balanced-match#readme,runtime
bare-events,2.9.2,Apache-2.0,Holepunch,https://github.com/holepunchto/bare-events#readme,runtime
bare-fs,4.8.1,Apache-2.0,Holepunch,https://github.com/holepunchto/bare-fs#readme,runtime
bare-path,3.1.1,Apache-2.0,Holepunch,https://github.com/holepunchto/bare-path#readme,runtime
bare-stream,2.13.4,Apache-2.0,Holepunch,https://github.com/holepunchto/bare-stream#readme,runtime
bare-url,2.5.2,Apache-2.0,Holepunch,https://github.com/holepunchto/bare-url,runtime
baseline-browser-mapping,2.11.13,Apache-2.0,,https://github.com/web-platform-dx/baseline-browser-mapping#readme,runtime
before-after-hook,4.0.0,Apache-2.0,Gregor Martynus,https://github.com/gr2m/before-after-hook#readme,runtime
bidi-js,1.0.3,MIT,Jason Johnston,https://github.com/lojjic/bidi-js#readme,runtime
binary-extensions,2.3.0,MIT,Sindre Sorhus,https://github.com/sindresorhus/binary-extensions#readme,runtime
boolbase,1.0.0,ISC,Felix Boehm,https://github.com/fb55/boolbase,runtime
boxen,8.0.1,MIT,Sindre Sorhus,https://github.com/sindresorhus/boxen#readme,runtime
brace-expansion,1.1.18,MIT,,https://github.com/juliangruber/brace-expansion#readme,build/dev
brace-expansion,5.0.9,MIT,,https://github.com/juliangruber/brace-expansion#readme,runtime
braces,3.0.3,MIT,Jon Schlinkert,https://github.com/micromatch/braces,runtime
browserify-zlib,0.1.4,MIT,Devon Govett,https://github.com/devongovett/browserify-zlib#readme,runtime
browserslist,4.28.8,MIT,Andrey Sitnik,https://github.com/browserslist/browserslist#readme,runtime
buffer-from,1.1.2,MIT,,https://github.com/LinusU/buffer-from#readme,runtime
bundle-name,4.1.0,MIT,Sindre Sorhus,https://github.com/sindresorhus/bundle-name#readme,runtime
cac,7.0.0,MIT,egoist,https://github.com/cacjs/cac#readme,runtime
call-bind,1.0.9,MIT,Jordan Harband,https://github.com/ljharb/call-bind#readme,runtime
call-bind-apply-helpers,1.0.2,MIT,Jordan Harband,https://github.com/ljharb/call-bind-apply-helpers#readme,runtime
call-bound,1.0.4,MIT,Jordan Harband,https://github.com/ljharb/call-bound#readme,runtime
callsites,3.1.0,MIT,Sindre Sorhus,https://github.com/sindresorhus/callsites#readme,build/dev
camelcase,8.0.0,MIT,Sindre Sorhus,https://github.com/sindresorhus/camelcase#readme,runtime
caniuse-lite,1.0.30001809,CC-BY-4.0,Ben Briggs,https://github.com/browserslist/caniuse-lite#readme,runtime
cardinal,2.1.1,MIT,Thorsten Lorenz,https://github.com/thlorenz/cardinal#readme,runtime
castable-video,1.1.16,MIT,@muxinc,https://github.com/muxinc/media-elements#readme,runtime
ce-la-react,0.3.2,BSD-3-Clause,@muxinc,https://github.com/muxinc/ce-la-react#readme,runtime
chalk,4.1.2,MIT,,https://github.com/chalk/chalk#readme,build/dev
chalk,5.6.2,MIT,,https://github.com/chalk/chalk#readme,runtime
character-entities,2.0.2,MIT,Titus Wormer,https://github.com/wooorm/character-entities#readme,runtime
character-entities-legacy,3.0.0,MIT,Titus Wormer,https://github.com/wooorm/character-entities-legacy#readme,runtime
character-reference-invalid,2.0.1,MIT,Titus Wormer,https://github.com/wooorm/character-reference-invalid#readme,runtime
chardet,2.2.0,MIT,Dmitry Shirokov,https://github.com/runk/node-chardet,runtime
chokidar,3.6.0,MIT,Paul Miller,https://github.com/paulmillr/chokidar,runtime
chokidar,5.0.0,MIT,Paul Miller,https://github.com/paulmillr/chokidar,runtime
chownr,3.0.0,BlueOak-1.0.0,Isaac Z. Schlueter,https://github.com/isaacs/chownr#readme,runtime
cjs-module-lexer,2.2.1,MIT,Guy Bedford,https://github.com/nodejs/cjs-module-lexer#readme,runtime
clean-stack,3.0.1,MIT,Sindre Sorhus,https://github.com/sindresorhus/clean-stack#readme,runtime
cli-boxes,3.0.0,MIT,Sindre Sorhus,https://github.com/sindresorhus/cli-boxes#readme,runtime
cli-cursor,5.0.0,MIT,Sindre Sorhus,https://github.com/sindresorhus/cli-cursor#readme,runtime
cli-spinners,2.9.2,MIT,Sindre Sorhus,https://github.com/sindresorhus/cli-spinners#readme,runtime
cli-spinners,3.4.0,MIT,Sindre Sorhus,https://github.com/sindresorhus/cli-spinners#readme,runtime
cli-width,4.1.0,ISC,Ilya Radchenko,https://github.com/knownasilya/cli-width,runtime
client-only,0.0.1,MIT,,https://reactjs.org/,runtime
clone-deep,4.0.1,MIT,Jon Schlinkert,https://github.com/jonschlinkert/clone-deep,runtime
clsx,2.1.1,MIT,Luke Edwards,https://github.com/lukeed/clsx#readme,runtime
codemirror,6.0.2,MIT,Marijn Haverbeke,https://github.com/codemirror/basic-setup#readme,runtime
color-convert,2.0.1,MIT,Heather Arthur,https://github.com/Qix-/color-convert#readme,runtime
color-name,1.1.4,MIT,DY,https://github.com/colorjs/color-name,runtime
color2k,2.0.4,MIT,Rico Kahler,https://github.com/ricokahler/color2k#readme,runtime
combined-stream,1.0.8,MIT,Felix Geisendörfer,https://github.com/felixge/node-combined-stream,runtime
comma-separated-tokens,2.0.3,MIT,Titus Wormer,https://github.com/wooorm/comma-separated-tokens#readme,runtime
comment-json,5.0.0,MIT,kaelzhang,https://github.com/kaelzhang/node-comment-json#readme,runtime
commondir,1.0.1,MIT,James Halliday,https://github.com/substack/node-commondir#readme,runtime
compute-scroll-into-view,3.1.1,MIT,Cody Olsen,https://scroll-into-view.dev,runtime
concat-map,0.0.1,MIT,James Halliday,https://github.com/substack/node-concat-map#readme,build/dev
config-chain,1.1.13,MIT,Dominic Tarr,http://github.com/dominictarr/config-chain,runtime
console-table-printer,2.16.1,MIT,Nahiyan Kamal,https://console-table.netlify.app,runtime
content-type,3.0.0,MIT,Douglas Christopher Wilson,https://github.com/jshttp/content-type#readme,runtime
convert-source-map,2.0.0,MIT,Thorsten Lorenz,https://github.com/thlorenz/convert-source-map,runtime
core-js-compat,3.50.0,MIT,Denis Pushkarev,https://core-js.io,runtime
core-util-is,1.0.3,MIT,Isaac Z. Schlueter,https://github.com/isaacs/core-util-is#readme,runtime
crelt,1.0.7,MIT,Marijn Haverbeke,https://code.haverbeke.berlin/marijn/crelt,runtime
cross-spawn,7.0.6,MIT,André Cruz,https://github.com/moxystudio/node-cross-spawn,runtime
css-select,5.2.2,BSD-2-Clause,Felix Boehm,https://github.com/fb55/css-select#readme,runtime
css-tree,3.2.1,MIT,Roman Dvornov,https://github.com/csstree/csstree#readme,runtime
css-what,6.2.2,BSD-2-Clause,Felix Böhm,https://github.com/fb55/css-what#readme,runtime
cssstyle,6.2.0,MIT,,https://github.com/jsdom/cssstyle#readme,runtime
csstype,3.2.3,MIT,Fredrik Nicol,https://github.com/frenic/csstype#readme,runtime
custom-media-element,1.4.6,MIT,@muxinc,https://github.com/muxinc/media-elements#readme,runtime
damerau-levenshtein,1.0.8,BSD-2-Clause,The Spanish Inquisition,https://github.com/tad-lispy/node-damerau-levenshtein#readme,build/dev
data-urls,7.0.0,MIT,Domenic Denicola,https://github.com/jsdom/data-urls#readme,runtime
data-view-buffer,1.0.2,MIT,Jordan Harband,https://github.com/inspect-js/data-view-buffer#readme,build/dev
data-view-byte-length,1.0.2,MIT,Jordan Harband,https://github.com/inspect-js/data-view-byte-length#readme,build/dev
data-view-byte-offset,1.0.1,MIT,Jordan Harband,https://github.com/inspect-js/data-view-byte-offset#readme,build/dev
dataloader,2.2.3,MIT,,https://github.com/graphql/dataloader,runtime
date-fns,4.4.0,MIT,,https://github.com/date-fns/date-fns#readme,runtime
debounce,1.2.1,MIT,,https://github.com/component/debounce#readme,runtime
debug,3.2.7,MIT,Josh Junon,https://github.com/debug-js/debug#readme,build/dev
debug,4.4.3,MIT,Josh Junon,https://github.com/debug-js/debug#readme,runtime
decimal.js,10.6.0,MIT,Michael Mclaughlin,https://github.com/MikeMcl/decimal.js#readme,runtime
decode-named-character-reference,1.3.0,MIT,Titus Wormer,https://github.com/wooorm/decode-named-character-reference#readme,runtime
decompress-response,7.0.0,MIT,Sindre Sorhus,https://github.com/sindresorhus/decompress-response#readme,runtime
deeks,3.2.1,MIT,mrodrig,https://mrodrig.github.io/deeks,runtime
deep-is,0.1.4,MIT,Thorsten Lorenz,https://github.com/thlorenz/deep-is#readme,build/dev
default-browser,5.5.1,MIT,Sindre Sorhus,https://github.com/sindresorhus/default-browser#readme,runtime
default-browser-id,5.0.1,MIT,Sindre Sorhus,https://github.com/sindresorhus/default-browser-id#readme,runtime
define-data-property,1.1.4,MIT,Jordan Harband,https://github.com/ljharb/define-data-property#readme,runtime
define-lazy-prop,3.0.0,MIT,Sindre Sorhus,https://github.com/sindresorhus/define-lazy-prop#readme,runtime
define-properties,1.2.1,MIT,Jordan Harband,https://github.com/ljharb/define-properties#readme,build/dev
delayed-stream,1.0.0,MIT,Felix Geisendörfer,https://github.com/felixge/node-delayed-stream,runtime
dequal,2.0.3,MIT,Luke Edwards,https://github.com/lukeed/dequal#readme,runtime
detect-libc,2.1.2,Apache-2.0,Lovell Fuller,https://github.com/lovell/detect-libc#readme,runtime
detect-node-es,1.1.0,MIT,Ilya Kantor,https://github.com/thekashey/detect-node,runtime
dialog-closedby-polyfill,1.3.0,MIT,Takahiro Arai,https://github.com/tak-dcxi/dialog-closedby-polyfill#readme,runtime
diff,9.0.0,BSD-3-Clause,,https://github.com/kpdecker/jsdiff#readme,runtime
dir-glob,3.0.1,MIT,Kevin Mårtensson,https://github.com/kevva/dir-glob#readme,runtime
doc-path,4.1.4,MIT,mrodrig,https://mrodrig.github.io/doc-path,runtime
doctrine,2.1.0,Apache-2.0,,https://github.com/eslint/doctrine,build/dev
dom-serializer,2.0.0,MIT,Felix Boehm,https://github.com/cheeriojs/dom-serializer#readme,runtime
dom-walk,0.1.2,MIT,Raynos,https://github.com/Raynos/dom-walk,runtime
domelementtype,2.3.0,BSD-2-Clause,Felix Boehm,https://github.com/fb55/domelementtype#readme,runtime
domhandler,5.0.3,BSD-2-Clause,Felix Boehm,https://github.com/fb55/domhandler#readme,runtime
dompurify,3.4.14,(MPL-2.0 OR Apache-2.0),"Dr.-Ing. Mario Heiderich, Cure53",https://github.com/cure53/DOMPurify,runtime
domutils,3.2.2,BSD-2-Clause,Felix Boehm,https://github.com/fb55/domutils#readme,runtime
dunder-proto,1.0.1,MIT,Jordan Harband,https://github.com/es-shims/dunder-proto#readme,runtime
duplexify,3.7.1,MIT,Mathias Buus,https://github.com/mafintosh/duplexify,runtime
ejs,6.0.1,Apache-2.0,Matthew Eernisse,https://github.com/mde/ejs,runtime
electron-to-chromium,1.5.404,ISC,Kilian Valkhof,https://github.com/Kilian/electron-to-chromium#readme,runtime
emoji-regex,10.6.0,MIT,Mathias Bynens,https://mths.be/emoji-regex,runtime
emoji-regex,8.0.0,MIT,Mathias Bynens,https://mths.be/emoji-regex,runtime
emoji-regex,9.2.2,MIT,Mathias Bynens,https://mths.be/emoji-regex,build/dev
empathic,2.0.1,MIT,Luke Edwards,https://github.com/lukeed/empathic#readme,runtime
end-of-stream,1.4.5,MIT,Mathias Buus,https://github.com/mafintosh/end-of-stream,runtime
enhanced-resolve,5.24.5,MIT,Tobias Koppers @sokra,https://github.com/webpack/enhanced-resolve#readme,build/dev
entities,4.5.0,BSD-2-Clause,Felix Boehm,https://github.com/fb55/entities#readme,runtime
entities,8.0.0,BSD-2-Clause,Felix Boehm,https://github.com/fb55/entities#readme,runtime
es-abstract,1.24.2,MIT,Jordan Harband,https://github.com/ljharb/es-abstract#readme,build/dev
es-abstract-get,1.0.0,MIT,Jordan Harband,https://github.com/ljharb/es-abstract-get#readme,build/dev
es-define-property,1.0.1,MIT,Jordan Harband,https://github.com/ljharb/es-define-property#readme,runtime
es-errors,1.3.0,MIT,Jordan Harband,https://github.com/ljharb/es-errors#readme,runtime
es-iterator-helpers,1.4.0,MIT,Jordan Harband,https://github.com/es-shims/iterator-helpers#readme,build/dev
es-module-lexer,2.3.2,MIT,Guy Bedford,https://github.com/guybedford/es-module-lexer#readme,runtime
es-object-atoms,1.1.2,MIT,Jordan Harband,https://github.com/ljharb/es-object-atoms#readme,runtime
es-set-tostringtag,2.1.0,MIT,Jordan Harband,https://github.com/es-shims/es-set-tostringtag#readme,runtime
es-shim-unscopables,1.1.0,MIT,Jordan Harband,https://github.com/ljharb/es-shim-unscopables#readme,build/dev
es-to-primitive,1.3.4,MIT,Jordan Harband,https://github.com/ljharb/es-to-primitive#readme,build/dev
es-toolkit,1.52.0,MIT,,https://es-toolkit.dev,runtime
esbuild,0.28.2,MIT,,https://github.com/evanw/esbuild#readme,runtime
escalade,3.2.0,MIT,Luke Edwards,https://github.com/lukeed/escalade#readme,runtime
escape-string-regexp,4.0.0,MIT,Sindre Sorhus,https://github.com/sindresorhus/escape-string-regexp#readme,runtime
eslint,9.39.5,MIT,Nicholas C. Zakas,https://eslint.org,build/dev
eslint-config-next,16.3.0,MIT,,https://nextjs.org/docs/app/api-reference/config/eslint,build/dev
eslint-import-resolver-node,0.3.10,MIT,Ben Mosher,https://github.com/import-js/eslint-plugin-import,build/dev
eslint-import-resolver-typescript,3.10.1,ISC,Alex Gorbatchev,https://github.com/import-js/eslint-import-resolver-typescript#readme,build/dev
eslint-module-utils,2.14.0,MIT,Ben Mosher,https://github.com/import-js/eslint-plugin-import#readme,build/dev
eslint-plugin-import,2.32.0,MIT,Ben Mosher,https://github.com/import-js/eslint-plugin-import,build/dev
eslint-plugin-jsx-a11y,6.10.2,MIT,Ethan Cohen,https://github.com/jsx-eslint/eslint-plugin-jsx-a11y#readme,build/dev
eslint-plugin-react,7.37.5,MIT,Yannick Croissant,https://github.com/jsx-eslint/eslint-plugin-react,build/dev
eslint-plugin-react-hooks,7.1.1,MIT,,https://react.dev/,build/dev
eslint-scope,8.4.0,BSD-2-Clause,,https://github.com/eslint/js/blob/main/packages/eslint-scope/README.md,build/dev
eslint-visitor-keys,3.4.3,Apache-2.0,Toru Nagashima,https://github.com/eslint/js/blob/main/packages/eslint-visitor-keys/README.md,build/dev
eslint-visitor-keys,4.2.1,Apache-2.0,Toru Nagashima,https://github.com/eslint/js/blob/main/packages/eslint-visitor-keys/README.md,build/dev
eslint-visitor-keys,5.0.1,Apache-2.0,Toru Nagashima,https://github.com/eslint/js/blob/main/packages/eslint-visitor-keys/README.md,build/dev
espree,10.4.0,BSD-2-Clause,Nicholas C. Zakas,https://github.com/eslint/js/blob/main/packages/espree/README.md,build/dev
esprima,4.0.1,BSD-2-Clause,Ariya Hidayat,http://esprima.org,runtime
esquery,1.6.0,BSD-3-Clause,Joel Feenstra,https://github.com/estools/esquery/,runtime
esquery,1.7.0,BSD-3-Clause,Joel Feenstra,https://github.com/estools/esquery/,build/dev
esrecurse,4.3.0,BSD-2-Clause,,https://github.com/estools/esrecurse,build/dev
estraverse,5.3.0,BSD-2-Clause,,https://github.com/estools/estraverse,runtime
esutils,2.0.3,BSD-2-Clause,,https://github.com/estools/esutils,runtime
event-source-polyfill,1.0.31,MIT,Yaffle,https://github.com/Yaffle/EventSource,runtime
event-target-shim,6.0.2,MIT,Toru Nagashima,https://github.com/mysticatea/event-target-shim,runtime
eventemitter3,5.0.4,MIT,Arnout Kazemier,https://github.com/primus/eventemitter3#readme,runtime
events-universal,1.0.1,Apache-2.0,Holepunch,https://github.com/holepunchto/events-universal#readme,runtime
eventsource,2.0.2,MIT,Espen Hovlandsdal,https://github.com/EventSource/eventsource#readme,runtime
eventsource,4.1.1,MIT,Espen Hovlandsdal,https://github.com/EventSource/eventsource#readme,runtime
eventsource,5.1.1,MIT,Espen Hovlandsdal,https://github.com/EventSource/eventsource#readme,runtime
eventsource-parser,3.1.1,MIT,Espen Hovlandsdal,https://github.com/rexxars/eventsource-parser#readme,runtime
eventsource-parser,4.1.0,MIT,Espen Hovlandsdal,https://github.com/rexxars/eventsource-parser#readme,runtime
execa,9.6.1,MIT,Sindre Sorhus,https://github.com/sindresorhus/execa#readme,runtime
exif-component,1.0.1,MIT,,,runtime
fast-deep-equal,3.1.3,MIT,Evgeny Poberezkin,https://github.com/epoberezkin/fast-deep-equal#readme,runtime
fast-fifo,1.3.2,MIT,Mathias Buus,https://github.com/mafintosh/fast-fifo,runtime
fast-glob,3.3.1,MIT,Denis Malinochkin,https://github.com/mrmlnc/fast-glob#readme,runtime
fast-json-stable-stringify,2.1.0,MIT,James Halliday,https://github.com/epoberezkin/fast-json-stable-stringify,build/dev
fast-levenshtein,2.0.6,MIT,Ramesh Nair,https://github.com/hiddentao/fast-levenshtein#readme,build/dev
fast-levenshtein,3.0.0,MIT,Ramesh Nair,https://github.com/hiddentao/fast-levenshtein#readme,runtime
fast-string-truncated-width,3.0.3,MIT,,https://github.com/fabiospampinato/fast-string-truncated-width#readme,runtime
fast-string-width,3.0.2,MIT,,https://github.com/fabiospampinato/fast-string-width#readme,runtime
fast-wrap-ansi,0.2.2,MIT,James Garbutt,https://github.com/43081j/fast-wrap-ansi#readme,runtime
fastest-levenshtein,1.0.16,MIT,Kasper U. Weihe,https://github.com/ka-weihe/fastest-levenshtein#README,runtime
fastq,1.20.1,ISC,Matteo Collina,https://github.com/mcollina/fastq#readme,runtime
fdir,6.5.0,MIT,thecodrr,https://github.com/thecodrr/fdir#readme,runtime
figures,6.1.0,MIT,Sindre Sorhus,https://github.com/sindresorhus/figures#readme,runtime
file-entry-cache,8.0.0,MIT,Jared Wray,https://github.com/jaredwray/file-entry-cache#readme,build/dev
fill-range,7.1.1,MIT,Jon Schlinkert,https://github.com/jonschlinkert/fill-range,runtime
find-cache-dir,2.1.0,MIT,,https://github.com/avajs/find-cache-dir#readme,runtime
find-up,3.0.0,MIT,Sindre Sorhus,https://github.com/sindresorhus/find-up#readme,runtime
find-up,5.0.0,MIT,Sindre Sorhus,https://github.com/sindresorhus/find-up#readme,build/dev
find-up-simple,1.0.1,MIT,Sindre Sorhus,https://github.com/sindresorhus/find-up-simple#readme,runtime
flat-cache,4.0.1,MIT,Jared Wray,https://github.com/jaredwray/flat-cache#readme,build/dev
flatted,3.4.4,ISC,Andrea Giammarchi,https://github.com/WebReflection/flatted#readme,build/dev
focus-lock,1.3.6,MIT,theKashey,https://github.com/theKashey/focus-lock#readme,runtime
for-each,0.3.5,MIT,Raynos,https://github.com/Raynos/for-each,build/dev
form-data,4.0.6,MIT,Felix Geisendörfer,https://github.com/form-data/form-data#readme,runtime
framer-motion,13.1.1,MIT,Matt Perry,https://github.com/motiondivision/motion#readme,runtime
fsevents,2.3.3,MIT,,https://github.com/fsevents/fsevents,runtime
function-bind,1.1.2,MIT,Raynos,https://github.com/Raynos/function-bind,runtime
function.prototype.name,1.2.0,MIT,Jordan Harband,https://github.com/es-shims/Function.prototype.name#readme,build/dev
functions-have-names,1.2.3,MIT,Jordan Harband,https://github.com/inspect-js/functions-have-names#readme,build/dev
generator-function,2.0.1,MIT,Jordan Harbamd,https://github.com/TimothyGu/generator-function#readme,build/dev
gensync,1.0.0-beta.2,MIT,Logan Smyth,https://github.com/loganfsmyth/gensync,runtime
get-east-asian-width,1.6.0,MIT,Sindre Sorhus,https://github.com/sindresorhus/get-east-asian-width#readme,runtime
get-intrinsic,1.3.0,MIT,Jordan Harband,https://github.com/ljharb/get-intrinsic#readme,runtime
get-it,8.8.3,MIT,Sanity.io,https://github.com/sanity-io/get-it#readme,runtime
get-it,9.5.2,MIT,Sanity.io,https://github.com/sanity-io/get-it#readme,runtime
get-latest-version,6.0.1,MIT,Espen Hovlandsdal,https://github.com/rexxars/get-latest-version#readme,runtime
get-package-type,0.1.0,MIT,Corey Farrell,https://github.com/cfware/get-package-type#readme,runtime
get-proto,1.0.1,MIT,Jordan Harband,https://github.com/ljharb/get-proto#readme,runtime
get-stream,9.0.1,MIT,Sindre Sorhus,https://github.com/sindresorhus/get-stream#readme,runtime
get-symbol-description,1.1.0,MIT,Jordan Harband,https://github.com/inspect-js/get-symbol-description#readme,build/dev
get-tsconfig,4.14.1,MIT,Hiroki Osame,https://github.com/privatenumber/get-tsconfig#readme,runtime
glob-parent,5.1.2,ISC,Gulp Team,https://github.com/gulpjs/glob-parent#readme,runtime
glob-parent,6.0.2,ISC,Gulp Team,https://github.com/gulpjs/glob-parent#readme,build/dev
global,4.4.0,MIT,Raynos,https://github.com/Raynos/global,runtime
global-directory,4.0.1,MIT,Sindre Sorhus,https://github.com/sindresorhus/global-directory#readme,runtime
globals,14.0.0,MIT,Sindre Sorhus,https://github.com/sindresorhus/globals#readme,build/dev
globals,16.4.0,MIT,Sindre Sorhus,https://github.com/sindresorhus/globals#readme,build/dev
globalthis,1.0.4,MIT,Jordan Harband,https://github.com/ljharb/System.global#readme,build/dev
globby,11.1.0,MIT,Sindre Sorhus,https://github.com/sindresorhus/globby#readme,runtime
gopd,1.2.0,MIT,Jordan Harband,https://github.com/ljharb/gopd#readme,runtime
graceful-fs,4.2.10,ISC,,https://github.com/isaacs/node-graceful-fs#readme,runtime
graceful-fs,4.2.11,ISC,,https://github.com/isaacs/node-graceful-fs#readme,build/dev
groq,3.88.1-typegen-experimental.0,MIT,Sanity.io,https://www.sanity.io/,runtime
groq,6.11.0,MIT,Sanity.io,https://www.sanity.io/,runtime
groq-js,1.30.3,MIT,Sanity.io,https://github.com/sanity-io/groq-js#readme,runtime
groq-js,2.0.0,MIT,Sanity.io,https://github.com/sanity-io/groq-js#readme,runtime
gsap,3.15.0,Standard 'no charge' license: https://gsap.com/standard-license.,,https://gsap.com,runtime
gunzip-maybe,1.4.2,MIT,Mathias Buus,https://github.com/mafintosh/gunzip-maybe,runtime
has-bigints,1.1.0,MIT,Jordan Harband,https://github.com/ljharb/has-bigints#readme,build/dev
has-flag,4.0.0,MIT,Sindre Sorhus,https://github.com/sindresorhus/has-flag#readme,runtime
has-property-descriptors,1.0.2,MIT,Jordan Harband,https://github.com/inspect-js/has-property-descriptors#readme,runtime
has-proto,1.2.0,MIT,Jordan Harband,https://github.com/inspect-js/has-proto#readme,build/dev
has-symbols,1.1.0,MIT,Jordan Harband,https://github.com/ljharb/has-symbols#readme,runtime
has-tostringtag,1.0.2,MIT,Jordan Harband,https://github.com/inspect-js/has-tostringtag#readme,runtime
hasown,2.0.4,MIT,Jordan Harband,https://github.com/inspect-js/hasOwn#readme,runtime
hast-util-parse-selector,4.0.0,MIT,Titus Wormer,https://github.com/syntax-tree/hast-util-parse-selector#readme,runtime
hastscript,9.0.1,MIT,Titus Wormer,https://github.com/syntax-tree/hastscript#readme,runtime
he,1.2.0,MIT,Mathias Bynens,https://mths.be/he,runtime
hermes-estree,0.25.1,MIT,,https://github.com/facebook/hermes#readme,build/dev
hermes-parser,0.25.1,MIT,,https://github.com/facebook/hermes#readme,build/dev
history,5.3.0,MIT,Remix Software,https://github.com/remix-run/history#readme,runtime
hls.js,1.6.19,Apache-2.0,,https://github.com/video-dev/hls.js,runtime
hls.js,1.7.3,Apache-2.0,,https://github.com/video-dev/hls.js,runtime
hotscript,1.0.13,ISC,Gabriel Vergnaud,https://github.com/gvergnaud/HOTScript#readme,runtime
html-encoding-sniffer,6.0.0,MIT,Domenic Denicola,https://github.com/jsdom/html-encoding-sniffer#readme,runtime
html-parse-stringify,4.0.1,MIT,Henrik Joreteg,https://github.com/i18next/html-parse-stringify,runtime
http-proxy-agent,7.0.2,MIT,Nathan Rajlich,https://github.com/TooTallNate/proxy-agents#readme,runtime
https-proxy-agent,7.0.6,MIT,Nathan Rajlich,https://github.com/TooTallNate/proxy-agents#readme,runtime
human-signals,8.0.1,Apache-2.0,ehmicky,https://www.github.com/ehmicky/human-signals,runtime
humanize-list,1.0.1,MIT,John Otander,https://github.com/johnotander/humanize-list#readme,runtime
i18next,26.4.0,MIT,Jan Mühlemann,https://www.i18next.com,runtime
iconv-lite,0.7.3,MIT,Alexander Shtuchkin,https://github.com/pillarjs/iconv-lite,runtime
ignore,5.3.2,MIT,kael,https://github.com/kaelzhang/node-ignore#readme,runtime
ignore,7.0.6,MIT,kael,https://github.com/kaelzhang/node-ignore#readme,build/dev
import-fresh,3.3.1,MIT,Sindre Sorhus,https://github.com/sindresorhus/import-fresh#readme,build/dev
import-meta-resolve,4.2.0,MIT,Titus Wormer,https://github.com/wooorm/import-meta-resolve#readme,runtime
imurmurhash,0.1.4,MIT,Jens Taylor,https://github.com/jensyt/imurmurhash-js,build/dev
indent-string,4.0.0,MIT,Sindre Sorhus,https://github.com/sindresorhus/indent-string#readme,runtime
inherits,2.0.4,ISC,,https://github.com/isaacs/inherits#readme,runtime
ini,1.3.8,ISC,GitHub Inc.,https://github.com/npm/ini#readme,runtime
ini,4.1.1,ISC,GitHub Inc.,https://github.com/npm/ini#readme,runtime
ini,5.0.0,ISC,GitHub Inc.,https://github.com/npm/ini#readme,runtime
interestfor,1.0.8,BSD-3-Clause,Mason Freed,https://github.com/mfreed7/interestfor#readme,runtime
internal-slot,1.1.0,MIT,Jordan Harband,https://github.com/ljharb/internal-slot#readme,build/dev
is-alphabetical,2.0.1,MIT,Titus Wormer,https://github.com/wooorm/is-alphabetical#readme,runtime
is-alphanumerical,2.0.1,MIT,Titus Wormer,https://github.com/wooorm/is-alphanumerical#readme,runtime
is-array-buffer,3.0.5,MIT,Jordan Harband,https://github.com/inspect-js/is-array-buffer#readme,build/dev
is-async-function,2.1.1,MIT,Jordan Harband,https://github.com/inspect-js/is-async-function#readme,build/dev
is-bigint,1.1.0,MIT,Jordan Harband,https://github.com/inspect-js/is-bigint#readme,build/dev
is-binary-path,2.1.0,MIT,Sindre Sorhus,https://github.com/sindresorhus/is-binary-path#readme,runtime
is-boolean-object,1.2.2,MIT,Jordan Harband,https://github.com/inspect-js/is-boolean-object#readme,build/dev
is-bun-module,2.0.0,MIT,SunsetTechuila,https://github.com/SunsetTechuila/is-bun-module,build/dev
is-callable,1.2.7,MIT,Jordan Harband,https://github.com/inspect-js/is-callable#readme,build/dev
is-core-module,2.16.2,MIT,Jordan Harband,https://github.com/inspect-js/is-core-module,runtime
is-data-view,1.0.2,MIT,Jordan Harband,https://github.com/inspect-js/is-data-view#readme,build/dev
is-date-object,1.1.0,MIT,Jordan Harband,https://github.com/inspect-js/is-date-object#readme,build/dev
is-decimal,2.0.1,MIT,Titus Wormer,https://github.com/wooorm/is-decimal#readme,runtime
is-deflate,1.0.0,MIT,Thomas Watson Steen,https://github.com/watson/is-deflate#readme,runtime
is-docker,3.0.0,MIT,Sindre Sorhus,https://github.com/sindresorhus/is-docker#readme,runtime
is-document.all,1.0.0,MIT,Jordan Harband,https://github.com/inspect-js/is-document.all#readme,build/dev
is-extglob,2.1.1,MIT,Jon Schlinkert,https://github.com/jonschlinkert/is-extglob,runtime
is-finalizationregistry,1.1.1,MIT,Jordan Harband,https://github.com/inspect-js/is-finalizationregistry#readme,build/dev
is-fullwidth-code-point,3.0.0,MIT,Sindre Sorhus,https://github.com/sindresorhus/is-fullwidth-code-point#readme,runtime
is-function,1.0.2,MIT,Stephen Sugden,https://github.com/grncdr/js-is-function,runtime
is-generator-function,1.1.2,MIT,Jordan Harband,https://github.com/inspect-js/is-generator-function#readme,build/dev
is-glob,4.0.3,MIT,Jon Schlinkert,https://github.com/micromatch/is-glob,runtime
is-gzip,1.0.0,MIT,Kevin Mårtensson,https://github.com/kevva/is-gzip#readme,runtime
is-hexadecimal,2.0.1,MIT,Titus Wormer,https://github.com/wooorm/is-hexadecimal#readme,runtime
is-hotkey-esm,1.0.0,MIT,,https://github.com/sanity-io-esm/is-hotkey-esm#readme,runtime
is-in-ssh,1.0.0,MIT,Sindre Sorhus,https://github.com/sindresorhus/is-in-ssh#readme,runtime
is-inside-container,1.0.0,MIT,Sindre Sorhus,https://github.com/sindresorhus/is-inside-container#readme,runtime
is-installed-globally,1.0.0,MIT,Sindre Sorhus,https://github.com/sindresorhus/is-installed-globally#readme,runtime
is-interactive,2.0.0,MIT,Sindre Sorhus,https://github.com/sindresorhus/is-interactive#readme,runtime
is-map,2.0.3,MIT,Jordan Harband,https://github.com/inspect-js/is-map#readme,build/dev
is-negative-zero,2.0.3,MIT,Jordan Harband,https://github.com/inspect-js/is-negative-zero,build/dev
is-network-error,1.3.2,MIT,Sindre Sorhus,https://github.com/sindresorhus/is-network-error#readme,runtime
is-number,7.0.0,MIT,Jon Schlinkert,https://github.com/jonschlinkert/is-number,runtime
is-number-object,1.1.1,MIT,Jordan Harband,https://github.com/inspect-js/is-number-object#readme,build/dev
is-path-inside,4.0.0,MIT,Sindre Sorhus,https://github.com/sindresorhus/is-path-inside#readme,runtime
is-plain-obj,4.1.0,MIT,Sindre Sorhus,https://github.com/sindresorhus/is-plain-obj#readme,runtime
is-plain-object,2.0.4,MIT,Jon Schlinkert,https://github.com/jonschlinkert/is-plain-object,runtime
is-potential-custom-element-name,1.0.1,MIT,Mathias Bynens,https://github.com/mathiasbynens/is-potential-custom-element-name,runtime
is-regex,1.2.1,MIT,Jordan Harband,https://github.com/inspect-js/is-regex,build/dev
is-retry-allowed,2.2.0,MIT,Sindre Sorhus,https://github.com/sindresorhus/is-retry-allowed#readme,runtime
is-set,2.0.3,MIT,Jordan Harband,https://github.com/inspect-js/is-set#readme,build/dev
is-shared-array-buffer,1.0.4,MIT,Jordan Harband,https://github.com/inspect-js/is-shared-array-buffer#readme,build/dev
is-stream,4.0.1,MIT,Sindre Sorhus,https://github.com/sindresorhus/is-stream#readme,runtime
is-string,1.1.1,MIT,Jordan Harband,https://github.com/inspect-js/is-string#readme,build/dev
is-symbol,1.1.1,MIT,Jordan Harband,https://github.com/inspect-js/is-symbol#readme,build/dev
is-typed-array,1.1.15,MIT,Jordan Harband,https://github.com/inspect-js/is-typed-array#readme,build/dev
is-unicode-supported,2.1.0,MIT,Sindre Sorhus,https://github.com/sindresorhus/is-unicode-supported#readme,runtime
is-weakmap,2.0.2,MIT,Jordan Harband,https://github.com/inspect-js/is-weakmap#readme,build/dev
is-weakref,1.1.1,MIT,Jordan Harband,https://github.com/inspect-js/is-weakref#readme,build/dev
is-weakset,2.0.4,MIT,Jordan Harband,https://github.com/inspect-js/is-weakset#readme,build/dev
is-wsl,3.1.1,MIT,Sindre Sorhus,https://github.com/sindresorhus/is-wsl#readme,runtime
isarray,1.0.0,MIT,Julian Gruber,https://github.com/juliangruber/isarray,runtime
isarray,2.0.5,MIT,Julian Gruber,https://github.com/juliangruber/isarray,runtime
isexe,2.0.0,ISC,Isaac Z. Schlueter,https://github.com/isaacs/isexe#readme,runtime
isexe,4.0.0,BlueOak-1.0.0,Isaac Z. Schlueter,https://github.com/isaacs/isexe#readme,runtime
iso-639-1,3.1.6,MIT,meikidd,https://github.com/meikidd/iso-639-1#readme,runtime
isobject,3.0.1,MIT,Jon Schlinkert,https://github.com/jonschlinkert/isobject,runtime
isomorphic-dompurify,2.36.0,MIT,,https://github.com/kkomelin/isomorphic-dompurify#readme,runtime
isomorphic-ws,5.0.0,MIT,@heineiuo,https://github.com/heineiuo/isomorphic-ws#readme,runtime
iterator.prototype,1.1.5,MIT,Jordan Harband,https://github.com/ljharb/Iterator.prototype#readme,build/dev
jiti,2.7.0,MIT,,https://github.com/unjs/jiti#readme,runtime
js-tokens,4.0.0,MIT,Simon Lydell,https://github.com/lydell/js-tokens#readme,runtime
js-yaml,3.13.1,MIT,Vladimir Zapparov,https://github.com/nodeca/js-yaml,runtime
js-yaml,4.3.1,MIT,Vladimir Zapparov,https://github.com/nodeca/js-yaml#readme,build/dev
jsdom,28.1.0,MIT,,https://github.com/jsdom/jsdom#readme,runtime
jsdom,29.1.1,MIT,,https://github.com/jsdom/jsdom#readme,runtime
jsesc,3.1.0,MIT,Mathias Bynens,https://mths.be/jsesc,runtime
json-2-csv,5.6.0,MIT,Mike Rodrigues,https://mrodrig.github.io/json-2-csv,runtime
json-buffer,3.0.1,MIT,Dominic Tarr,https://github.com/dominictarr/json-buffer,build/dev
json-lexer,1.2.0,ISC,Finn Pauls,https://github.com/finnp/json-lexer#readme,runtime
json-reduce,3.0.0,MIT,Bjørge Næss,https://github.com/bjoerge/json-reduce#readme,runtime
json-schema-traverse,0.4.1,MIT,Evgeny Poberezkin,https://github.com/epoberezkin/json-schema-traverse#readme,build/dev
json-stable-stringify,1.3.0,MIT,James Halliday,https://github.com/ljharb/json-stable-stringify,runtime
json-stable-stringify-without-jsonify,1.0.1,MIT,James Halliday,https://github.com/samn/json-stable-stringify,build/dev
json-stream-stringify,3.1.7,MIT,Faleij,https://github.com/Faleij/json-stream-stringify#readme,runtime
json-with-bigint,3.5.12,MIT,Ivan Korolenko,https://github.com/Ivan-Korolenko/json-with-bigint#readme,runtime
json5,1.0.2,MIT,Aseem Kishore,http://json5.org/,build/dev
json5,2.2.3,MIT,Aseem Kishore,http://json5.org/,runtime
jsonc-parser,3.3.1,MIT,Microsoft Corporation,https://github.com/microsoft/node-jsonc-parser#readme,runtime
jsonify,0.0.1,Public Domain,Douglas Crockford,https://github.com/ljharb/jsonify#readme,runtime
jsonwebtoken-esm,1.0.5,MIT,Sanity.io,https://github.com/sanity-io/jsonwebtoken-esm#readme,runtime
jsx-ast-utils,3.3.5,MIT,Ethan Cohen,https://github.com/jsx-eslint/jsx-ast-utils#readme,build/dev
keyv,4.5.4,MIT,Jared Wray,https://github.com/jaredwray/keyv,build/dev
kind-of,6.0.3,MIT,Jon Schlinkert,https://github.com/jonschlinkert/kind-of,runtime
lambda-runtimes,3.0.0,Apache-2.0,,https://github.com/architect/lambda-runtimes#readme,runtime
language-subtag-registry,0.3.23,CC0-1.0,,https://github.com/mattcg/language-subtag-registry,build/dev
language-tags,1.0.9,MIT,Matthew Caruana Galizia,https://github.com/mattcg/language-tags,build/dev
lenis,1.3.26,MIT,darkroom.engineering,https://github.com/darkroomengineering/lenis,runtime
leven,4.1.0,MIT,Sindre Sorhus,https://github.com/sindresorhus/leven#readme,runtime
levn,0.4.1,MIT,George Zahariev,https://github.com/gkz/levn,build/dev
lightningcss,1.32.0,MPL-2.0,,https://github.com/parcel-bundler/lightningcss#readme,build/dev
lightningcss,1.33.0,MPL-2.0,,https://github.com/parcel-bundler/lightningcss#readme,runtime
lightningcss-darwin-arm64,1.33.0,MPL-2.0,,https://github.com/parcel-bundler/lightningcss#readme,runtime
lilconfig,3.1.3,MIT,antonk52,https://github.com/antonk52/lilconfig#readme,runtime
locate-path,3.0.0,MIT,Sindre Sorhus,https://github.com/sindresorhus/locate-path#readme,runtime
locate-path,6.0.0,MIT,Sindre Sorhus,https://github.com/sindresorhus/locate-path#readme,build/dev
lodash,4.18.1,MIT,John-David Dalton,https://lodash.com/,runtime
lodash-es,4.18.1,MIT,John-David Dalton,https://lodash.com/custom-builds,runtime
lodash.debounce,4.0.8,MIT,John-David Dalton,https://lodash.com/,runtime
lodash.isplainobject,4.0.6,MIT,John-David Dalton,https://lodash.com/,runtime
lodash.merge,4.6.2,MIT,John-David Dalton,https://lodash.com/,build/dev
log-symbols,7.0.1,MIT,Sindre Sorhus,https://github.com/sindresorhus/log-symbols#readme,runtime
loose-envify,1.4.0,MIT,Andres Suarez,https://github.com/zertosh/loose-envify,runtime
lru-cache,11.5.2,BlueOak-1.0.0,Isaac Z. Schlueter,https://github.com/isaacs/node-lru-cache#readme,runtime
lru-cache,5.1.1,ISC,Isaac Z. Schlueter,https://github.com/isaacs/node-lru-cache#readme,runtime
magic-string,0.30.21,MIT,Rich Harris,https://github.com/Rich-Harris/magic-string#readme,build/dev
make-dir,2.1.0,MIT,Sindre Sorhus,https://github.com/sindresorhus/make-dir#readme,runtime
math-intrinsics,1.1.0,MIT,Jordan Harband,https://github.com/es-shims/math-intrinsics#readme,runtime
md5-o-matic,0.1.1,MIT,Trent Millar,https://github.com/trentmillar/md5-o-matic,runtime
mdn-data,2.27.1,CC0-1.0,Mozilla Developer Network,https://developer.mozilla.org,runtime
media-chrome,4.19.2,MIT,@muxinc,https://github.com/muxinc/media-chrome#readme,runtime
media-tracks,0.3.5,MIT,@muxinc,https://github.com/muxinc/media-tracks#readme,runtime
mendoza,3.0.8,MIT,Sanity.io,https://www.sanity.io/,runtime
merge2,1.4.1,MIT,,https://github.com/teambition/merge2,runtime
micromatch,4.0.8,MIT,Jon Schlinkert,https://github.com/micromatch/micromatch,runtime
mime-db,1.52.0,MIT,,https://github.com/jshttp/mime-db#readme,runtime
mime-db,1.54.0,MIT,,https://github.com/jshttp/mime-db#readme,runtime
mime-types,2.1.35,MIT,,https://github.com/jshttp/mime-types#readme,runtime
mime-types,3.0.2,MIT,,https://github.com/jshttp/mime-types#readme,runtime
mimic-function,5.0.1,MIT,Sindre Sorhus,https://github.com/sindresorhus/mimic-function#readme,runtime
mimic-response,3.1.0,MIT,Sindre Sorhus,https://github.com/sindresorhus/mimic-response#readme,runtime
min-document,2.19.2,MIT,Raynos,https://github.com/Raynos/min-document,runtime
minimatch,10.2.6,BlueOak-1.0.0,Isaac Z. Schlueter,https://github.com/isaacs/minimatch#readme,runtime
minimatch,3.1.5,ISC,Isaac Z. Schlueter,https://github.com/isaacs/minimatch#readme,build/dev
minimist,1.2.8,MIT,James Halliday,https://github.com/minimistjs/minimist,runtime
minipass,7.1.3,BlueOak-1.0.0,Isaac Z. Schlueter,https://github.com/isaacs/minipass#readme,runtime
minizlib,3.1.0,MIT,Isaac Z. Schlueter,https://github.com/isaacs/minizlib#readme,runtime
motion,13.1.1,MIT,Matt Perry,https://github.com/motiondivision/motion#readme,runtime
motion-dom,13.1.1,MIT,Matt Perry,https://github.com/motiondivision/motion#readme,runtime
motion-utils,13.0.0,MIT,Matt Perry,https://github.com/motiondivision/motion#readme,runtime
ms,2.1.3,MIT,,https://github.com/vercel/ms#readme,runtime
mute-stream,2.0.0,ISC,GitHub Inc.,https://github.com/npm/mute-stream#readme,runtime
mute-stream,3.0.0,ISC,GitHub Inc.,https://github.com/npm/mute-stream#readme,runtime
mux-embed,5.18.1,MIT,"Mux, Inc",,runtime
nano-pubsub,3.0.0,MIT,Bjørge Næss,https://github.com/bjoerge/nano-pubsub#readme,runtime
nanoid,3.3.18,MIT,Andrey Sitnik,https://github.com/ai/nanoid#readme,runtime
nanoid,5.1.16,MIT,Andrey Sitnik,https://github.com/ai/nanoid#readme,runtime
nanoid,6.0.1,MIT,Andrey Sitnik,https://github.com/ai/nanoid#readme,runtime
napi-postinstall,0.3.4,MIT,JounQin,https://github.com/un-ts/napi-postinstall#readme,build/dev
natural-compare,1.4.0,MIT,Lauri Rooden,https://github.com/litejs/natural-compare-lite#readme,build/dev
next,16.3.0,MIT,,https://nextjs.org,runtime
next-sanity,13.3.3,MIT,Sanity.io,https://github.com/sanity-io/next-sanity#readme,runtime
node-exports-info,1.6.2,MIT,Jordan Harband,https://github.com/inspect-js/node-exports-info#readme,build/dev
node-html-parser,7.1.0,MIT,Xiaoyi Shi,https://github.com/taoqf/node-fast-html-parser,runtime
node-releases,2.0.53,MIT,Sergey Rubanov,https://github.com/chicoxyzzy/node-releases#readme,runtime
normalize-path,3.0.0,MIT,Jon Schlinkert,https://github.com/jonschlinkert/normalize-path,runtime
npm-run-path,6.0.0,MIT,Sindre Sorhus,https://github.com/sindresorhus/npm-run-path#readme,runtime
nth-check,2.1.1,BSD-2-Clause,Felix Boehm,https://github.com/fb55/nth-check,runtime
object-assign,4.1.1,MIT,Sindre Sorhus,https://github.com/sindresorhus/object-assign#readme,runtime
object-inspect,1.13.4,MIT,James Halliday,https://github.com/inspect-js/object-inspect,runtime
object-keys,1.1.1,MIT,Jordan Harband,https://github.com/ljharb/object-keys#readme,runtime
object.assign,4.1.7,MIT,Jordan Harband,https://github.com/ljharb/object.assign#readme,build/dev
object.entries,1.1.9,MIT,Jordan Harband,https://github.com/es-shims/Object.entries#readme,build/dev
object.fromentries,2.0.8,MIT,Jordan Harband,https://github.com/es-shims/Object.fromEntries#readme,build/dev
object.groupby,1.0.3,MIT,Jordan Harband,https://github.com/es-shims/Object.groupBy#readme,build/dev
object.values,1.2.1,MIT,Jordan Harband,https://github.com/es-shims/Object.values#readme,build/dev
observable-callback,1.0.3,MIT,Bjørge Næss,https://github.com/bjoerge/observable-callback#readme,runtime
obug,2.1.4,MIT,Kevin Deng,https://github.com/sxzz/obug#readme,runtime
once,1.4.0,ISC,Isaac Z. Schlueter,https://github.com/isaacs/once#readme,runtime
oneline,2.0.0,MIT,Espen Hovlandsdal,https://github.com/rexxars/oneline#readme,runtime
onetime,7.0.0,MIT,Sindre Sorhus,https://github.com/sindresorhus/onetime#readme,runtime
open,11.0.2,MIT,Sindre Sorhus,https://github.com/sindresorhus/open#readme,runtime
optionator,0.9.4,MIT,George Zahariev,https://github.com/gkz/optionator,build/dev
ora,9.4.1,MIT,Sindre Sorhus,https://github.com/sindresorhus/ora#readme,runtime
own-keys,1.0.2,MIT,Jordan Harband,https://github.com/ljharb/own-keys#readme,build/dev
p-limit,2.3.0,MIT,Sindre Sorhus,https://github.com/sindresorhus/p-limit#readme,runtime
p-limit,3.1.0,MIT,Sindre Sorhus,https://github.com/sindresorhus/p-limit#readme,build/dev
p-locate,3.0.0,MIT,Sindre Sorhus,https://github.com/sindresorhus/p-locate#readme,runtime
p-locate,5.0.0,MIT,Sindre Sorhus,https://github.com/sindresorhus/p-locate#readme,build/dev
p-map,7.0.7,MIT,Sindre Sorhus,https://github.com/sindresorhus/p-map#readme,runtime
p-queue,9.3.3,MIT,,https://github.com/sindresorhus/p-queue#readme,runtime
p-timeout,7.0.1,MIT,Sindre Sorhus,https://github.com/sindresorhus/p-timeout#readme,runtime
p-try,2.2.0,MIT,Sindre Sorhus,https://github.com/sindresorhus/p-try#readme,runtime
pako,0.2.9,MIT,,https://github.com/nodeca/pako,runtime
parent-module,1.0.1,MIT,Sindre Sorhus,https://github.com/sindresorhus/parent-module#readme,build/dev
parse-entities,4.0.2,MIT,Titus Wormer,https://github.com/wooorm/parse-entities#readme,runtime
parse-headers,2.0.6,MIT,David Björklund,https://github.com/kesla/parse-headers,runtime
parse-ms,4.0.0,MIT,Sindre Sorhus,https://github.com/sindresorhus/parse-ms#readme,runtime
parse5,8.0.1,MIT,Ivan Nikulin,https://parse5.js.org,runtime
path-exists,3.0.0,MIT,Sindre Sorhus,https://github.com/sindresorhus/path-exists#readme,runtime
path-exists,4.0.0,MIT,Sindre Sorhus,https://github.com/sindresorhus/path-exists#readme,build/dev
path-key,3.1.1,MIT,Sindre Sorhus,https://github.com/sindresorhus/path-key#readme,runtime
path-key,4.0.0,MIT,Sindre Sorhus,https://github.com/sindresorhus/path-key#readme,runtime
path-parse,1.0.7,MIT,Javier Blanco,https://github.com/jbgutierrez/path-parse#readme,runtime
path-type,4.0.0,MIT,Sindre Sorhus,https://github.com/sindresorhus/path-type#readme,runtime
pathe,2.0.3,MIT,,https://github.com/unjs/pathe#readme,runtime
peek-stream,1.1.3,MIT,Mathias Buus,https://github.com/mafintosh/peek-stream,runtime
performance-now,2.1.0,MIT,Braveg1rl,https://github.com/braveg1rl/performance-now,runtime
picocolors,1.1.1,ISC,Alexey Raspopov,https://github.com/alexeyraspopov/picocolors#readme,runtime
picomatch,2.3.2,MIT,Jon Schlinkert,https://github.com/micromatch/picomatch,runtime
picomatch,4.0.5,MIT,Jon Schlinkert,https://github.com/micromatch/picomatch,runtime
pify,4.0.1,MIT,Sindre Sorhus,https://github.com/sindresorhus/pify#readme,runtime
pirates,4.0.7,MIT,Ari Porad,https://github.com/danez/pirates#readme,runtime
pkg-dir,3.0.0,MIT,Sindre Sorhus,https://github.com/sindresorhus/pkg-dir#readme,runtime
player.style,0.3.4,MIT,@muxinc,https://github.com/muxinc/player.style#readme,runtime
pluralize-esm,9.0.5,MIT,Sanity.io,https://github.com/sanity-io/pluralize-esm#readme,runtime
polished,4.3.1,MIT,Brian Hough,https://polished.js.org,runtime
possible-typed-array-names,1.1.0,MIT,Jordan Harband,https://github.com/ljharb/possible-typed-array-names#readme,build/dev
postcss,8.5.23,MIT,Andrey Sitnik,https://postcss.org/,runtime
postcss,8.5.26,MIT,Andrey Sitnik,https://postcss.org/,runtime
powershell-utils,0.1.0,MIT,Sindre Sorhus,https://github.com/sindresorhus/powershell-utils#readme,runtime
powershell-utils,0.2.1,MIT,Sindre Sorhus,https://github.com/sindresorhus/powershell-utils#readme,runtime
prelude-ls,1.2.1,MIT,George Zahariev,http://preludels.com,build/dev
prettier,3.9.6,MIT,James Long,https://prettier.io,runtime
pretty-ms,9.3.1,MIT,Sindre Sorhus,https://github.com/sindresorhus/pretty-ms#readme,runtime
process,0.11.10,MIT,Roman Shtylman,https://github.com/shtylman/node-process#readme,runtime
process-nextick-args,2.0.1,MIT,,https://github.com/calvinmetcalf/process-nextick-args,runtime
promise-props-recursive,2.0.2,MIT,Espen Hovlandsdal,https://github.com/rexxars/promise-props-recursive#readme,runtime
prop-types,15.8.1,MIT,,https://facebook.github.io/react/,runtime
property-information,7.2.0,MIT,Titus Wormer,https://github.com/wooorm/property-information#readme,runtime
proto-list,1.2.4,ISC,Isaac Z. Schlueter,https://github.com/isaacs/proto-list#readme,runtime
pump,2.0.1,MIT,Mathias Buus Madsen,https://github.com/mafintosh/pump#readme,runtime
pump,3.0.4,MIT,Mathias Buus Madsen,https://github.com/mafintosh/pump#readme,runtime
pumpify,1.5.1,MIT,Mathias Buus,https://github.com/mafintosh/pumpify,runtime
punycode,2.3.1,MIT,Mathias Bynens,https://mths.be/punycode,runtime
queue-microtask,1.2.3,MIT,Feross Aboukhadijeh,https://github.com/feross/queue-microtask,runtime
quick-lru,7.3.0,MIT,Sindre Sorhus,https://github.com/sindresorhus/quick-lru#readme,runtime
raf,3.4.1,MIT,Chris Dickinson,https://github.com/chrisdickinson/raf#readme,runtime
react,19.2.8,MIT,,https://react.dev/,runtime
react-clientside-effect,1.2.8,MIT,Dan Abramov,https://github.com/thekashey/react-clientside-effect,runtime
react-compiler-runtime,1.0.0,MIT,,https://github.com/facebook/react#readme,runtime
react-dom,19.2.8,MIT,,https://react.dev/,runtime
react-error-boundary,6.1.3,MIT,Brian Vaughn,https://react-error-boundary-lib.vercel.app/,runtime
react-fast-compare,3.2.2,MIT,Chris Bolin,https://github.com/FormidableLabs/react-fast-compare,runtime
react-focus-lock,2.13.7,MIT,theKashey,https://github.com/theKashey/react-focus-lock#readme,runtime
react-i18next,17.0.12,MIT,Jan Mühlemann,https://github.com/i18next/react-i18next,runtime
react-is,16.13.1,MIT,,https://react.dev/,runtime
react-is,19.2.8,MIT,,https://react.dev/,runtime
react-refractor,4.0.0,MIT,Espen Hovlandsdal,https://github.com/rexxars/react-refractor#readme,runtime
react-rx,4.2.5,MIT,Sanity.io,https://react-rx.dev,runtime
react-rx,6.0.0,MIT,Sanity.io,https://react-rx.dev,runtime
readable-stream,2.3.8,MIT,,https://github.com/nodejs/readable-stream#readme,runtime
readable-stream,3.6.2,MIT,,https://github.com/nodejs/readable-stream#readme,runtime
readdirp,3.6.0,MIT,Thorsten Lorenz,https://github.com/paulmillr/readdirp,runtime
readdirp,5.1.1,MIT,Thorsten Lorenz,https://github.com/paulmillr/readdirp,runtime
redeyed,2.1.1,MIT,Thorsten Lorenz,https://github.com/thlorenz/redeyed#readme,runtime
reflect.getprototypeof,1.0.10,MIT,Jordan Harband,https://github.com/es-shims/Reflect.getPrototypeOf,build/dev
refractor,5.0.0,MIT,Titus Wormer,https://github.com/wooorm/refractor#readme,runtime
regenerate,1.4.2,MIT,Mathias Bynens,https://mths.be/regenerate,runtime
regenerate-unicode-properties,10.2.2,MIT,Mathias Bynens,https://github.com/mathiasbynens/regenerate-unicode-properties,runtime
regexp.prototype.flags,1.5.4,MIT,Jordan Harband,https://github.com/es-shims/RegExp.prototype.flags#readme,build/dev
regexpu-core,6.4.0,MIT,Mathias Bynens,https://mths.be/regexpu,runtime
registry-auth-token,5.1.1,MIT,Espen Hovlandsdal,https://github.com/rexxars/registry-auth-token#readme,runtime
registry-url,7.2.0,MIT,Sindre Sorhus,https://github.com/sindresorhus/registry-url#readme,runtime
regjsgen,0.8.0,MIT,Benjamin Tan,https://github.com/bnjmnt4n/regjsgen,runtime
regjsparser,0.13.2,BSD-2-Clause,'Julian Viereck',https://github.com/jviereck/regjsparser,runtime
require-from-string,2.0.2,MIT,Vsevolod Strukchinsky,https://github.com/floatdrop/require-from-string#readme,runtime
reselect,5.3.0,MIT,,https://github.com/reduxjs/reselect#readme,runtime
resolve,1.22.12,MIT,James Halliday,https://github.com/browserify/resolve#readme,runtime
resolve,2.0.0-next.7,MIT,James Halliday,https://github.com/browserify/resolve#readme,build/dev
resolve-from,4.0.0,MIT,Sindre Sorhus,https://github.com/sindresorhus/resolve-from#readme,build/dev
resolve-pkg-maps,1.0.0,MIT,Hiroki Osame,https://github.com/privatenumber/resolve-pkg-maps#readme,runtime
restore-cursor,5.1.0,MIT,Sindre Sorhus,https://github.com/sindresorhus/restore-cursor#readme,runtime
reusify,1.1.0,MIT,Matteo Collina,https://github.com/mcollina/reusify#readme,runtime
rolldown,1.2.6,MIT,,https://rolldown.rs/,runtime
run-applescript,7.1.0,MIT,Sindre Sorhus,https://github.com/sindresorhus/run-applescript#readme,runtime
run-parallel,1.2.0,MIT,Feross Aboukhadijeh,https://github.com/feross/run-parallel,runtime
rxjs,7.8.2,Apache-2.0,Ben Lesh,https://rxjs.dev,runtime
rxjs-exhaustmap-with-trailing,2.1.1,MIT,Bjørge Næss,https://github.com/bjoerge/rxjs-exhaustmap-with-trailing#readme,runtime
rxjs-mergemap-array,0.1.0,MIT,Bjørge Næss,https://github.com/bjoerge/rxjs-mergemap-array#readme,runtime
safe-array-concat,1.1.4,MIT,Jordan Harband,https://github.com/ljharb/safe-array-concat#readme,build/dev
safe-buffer,5.1.2,MIT,Feross Aboukhadijeh,https://github.com/feross/safe-buffer,runtime
safe-buffer,5.2.1,MIT,Feross Aboukhadijeh,https://github.com/feross/safe-buffer,runtime
safe-push-apply,1.0.0,MIT,Jordan Harband,https://github.com/ljharb/safe-push-apply#readme,build/dev
safe-regex-test,1.1.0,MIT,Jordan Harband,https://github.com/ljharb/safe-regex-test#readme,build/dev
safer-buffer,2.1.2,MIT,Nikita Skovoroda,https://github.com/ChALkeR/safer-buffer#readme,runtime
sanity,6.11.0,MIT,Sanity.io,https://www.sanity.io/,runtime
sanity-plugin-mux-input,5.0.12,MIT,Sanity.io,https://github.com/sanity-io/plugins/tree/main/plugins/sanity-plugin-mux-input#readme,runtime
saxes,6.0.0,ISC,Louis-Dominique Dubeau,https://github.com/lddubeau/saxes#readme,runtime
scheduler,0.27.0,MIT,,https://react.dev/,runtime
scroll-into-view-if-needed,3.1.0,MIT,Cody Olsen,https://scroll-into-view.dev,runtime
scrollmirror,1.2.4,MIT,Rasso Hilber,https://github.com/hirasso/scrollmirror#readme,runtime
semver,5.7.2,ISC,GitHub Inc.,https://github.com/npm/node-semver#readme,runtime
semver,6.3.1,ISC,GitHub Inc.,https://github.com/npm/node-semver#readme,runtime
semver,7.8.5,ISC,GitHub Inc.,https://github.com/npm/node-semver#readme,runtime
set-function-length,1.2.2,MIT,Jordan Harband,https://github.com/ljharb/set-function-length#readme,runtime
set-function-name,2.0.2,MIT,Jordan Harband,https://github.com/ljharb/set-function-name#readme,build/dev
set-proto,1.0.0,MIT,Jordan Harband,https://github.com/ljharb/set-proto#readme,build/dev
sha256-uint8array,0.10.7,MIT,Yusuke Kawasaki,https://github.com/kawanet/sha256-uint8array#readme,runtime
shallow-clone,3.0.1,MIT,Jon Schlinkert,https://github.com/jonschlinkert/shallow-clone,runtime
shallow-equals,1.0.0,MIT,Hugh Kennedy,https://github.com/hughsk/shallow-equals,runtime
sharp,0.35.3,Apache-2.0,Lovell Fuller,https://sharp.pixelplumbing.com,runtime
shebang-command,2.0.0,MIT,Kevin Mårtensson,https://github.com/kevva/shebang-command#readme,runtime
shebang-regex,3.0.0,MIT,Sindre Sorhus,https://github.com/sindresorhus/shebang-regex#readme,runtime
side-channel,1.1.1,MIT,Jordan Harband,https://github.com/ljharb/side-channel#readme,build/dev
side-channel-list,1.0.1,MIT,Jordan Harband,https://github.com/ljharb/side-channel-list#readme,build/dev
side-channel-map,1.0.1,MIT,Jordan Harband,https://github.com/ljharb/side-channel-map#readme,build/dev
side-channel-weakmap,1.0.2,MIT,Jordan Harband,https://github.com/ljharb/side-channel-weakmap#readme,build/dev
signal-exit,4.1.0,ISC,Ben Coe,https://github.com/tapjs/signal-exit#readme,runtime
simple-wcswidth,1.1.2,MIT,Nahiyan Kamal,https://github.com/console-table-printer/simple-wcswidth#readme,runtime
skills,1.5.23,MIT,,https://github.com/vercel-labs/skills#readme,runtime
slash,3.0.0,MIT,Sindre Sorhus,https://github.com/sindresorhus/slash#readme,runtime
smol-toml,1.5.2,BSD-3-Clause,Cynthia Rey,https://github.com/squirrelchat/smol-toml#readme,runtime
smol-toml,1.8.0,BSD-3-Clause,Cynthia Rey,https://github.com/squirrelchat/smol-toml#readme,runtime
source-map,0.6.1,BSD-3-Clause,Nick Fitzgerald,https://github.com/mozilla/source-map,runtime
source-map-js,1.2.1,BSD-3-Clause,Valentin 7rulnik Semirulnik,https://github.com/7rulnik/source-map-js,runtime
source-map-support,0.5.21,MIT,,https://github.com/evanw/node-source-map-support#readme,runtime
space-separated-tokens,2.0.2,MIT,Titus Wormer,https://github.com/wooorm/space-separated-tokens#readme,runtime
speakingurl,14.0.1,BSD-3-Clause,Sascha Droste,http://pid.github.io/speakingurl/,runtime
sprintf-js,1.0.3,BSD-3-Clause,Alexandru Marasteanu,https://github.com/alexei/sprintf.js#readme,runtime
stable-hash,0.0.5,MIT,Shu Ding,https://github.com/shuding/stable-hash#readme,build/dev
stdin-discarder,0.3.2,MIT,Sindre Sorhus,https://github.com/sindresorhus/stdin-discarder#readme,runtime
stop-iteration-iterator,1.1.0,MIT,Jordan Harband,https://github.com/ljharb/stop-iteration-iterator#readme,build/dev
stream-shift,1.0.3,MIT,Mathias Buus,https://github.com/mafintosh/stream-shift,runtime
streamx,2.28.1,MIT,Mathias Buus,https://github.com/mafintosh/streamx,runtime
string-argv,0.3.2,MIT,Anthony McCormick,https://github.com/mccormicka/string-argv,runtime
string-width,4.2.3,MIT,Sindre Sorhus,https://github.com/sindresorhus/string-width#readme,runtime
string-width,7.2.0,MIT,Sindre Sorhus,https://github.com/sindresorhus/string-width#readme,runtime
string-width,8.2.2,MIT,Sindre Sorhus,https://github.com/sindresorhus/string-width#readme,runtime
string.prototype.includes,2.0.1,MIT,Mathias Bynens,https://mths.be/includes,build/dev
string.prototype.matchall,4.0.12,MIT,Jordan Harband,https://github.com/es-shims/String.prototype.matchAll#readme,build/dev
string.prototype.repeat,1.0.0,MIT,Mathias Bynens,https://mths.be/repeat,build/dev
string.prototype.trim,1.2.11,MIT,Jordan Harband,https://github.com/es-shims/String.prototype.trim#readme,build/dev
string.prototype.trimend,1.0.10,MIT,Jordan Harband,https://github.com/es-shims/String.prototype.trimEnd#readme,build/dev
string.prototype.trimstart,1.0.8,MIT,Jordan Harband,https://github.com/es-shims/String.prototype.trimStart#readme,build/dev
string_decoder,1.1.1,MIT,,https://github.com/nodejs/string_decoder,runtime
string_decoder,1.3.0,MIT,,https://github.com/nodejs/string_decoder,runtime
strip-ansi,6.0.1,MIT,Sindre Sorhus,https://github.com/chalk/strip-ansi#readme,runtime
strip-ansi,7.2.0,MIT,Sindre Sorhus,https://github.com/chalk/strip-ansi#readme,runtime
strip-bom,3.0.0,MIT,Sindre Sorhus,https://github.com/sindresorhus/strip-bom#readme,runtime
strip-final-newline,4.0.0,MIT,Sindre Sorhus,https://github.com/sindresorhus/strip-final-newline#readme,runtime
strip-json-comments,3.1.1,MIT,Sindre Sorhus,https://github.com/sindresorhus/strip-json-comments#readme,build/dev
style-mod,4.1.3,MIT,Marijn Haverbeke,https://github.com/marijnh/style-mod#readme,runtime
styled-components,6.5.3,MIT,Glen Maddern,https://styled-components.com,runtime
styled-jsx,5.1.6,MIT,,https://github.com/vercel/styled-jsx#readme,runtime
stylis,4.3.6,MIT,Sultan Tarimo,https://github.com/thysultan/stylis.js,runtime
supports-color,7.2.0,MIT,Sindre Sorhus,https://github.com/chalk/supports-color#readme,build/dev
supports-color,8.1.1,MIT,Sindre Sorhus,https://github.com/chalk/supports-color#readme,runtime
supports-preserve-symlinks-flag,1.0.0,MIT,Jordan Harband,https://github.com/inspect-js/node-supports-preserve-symlinks-flag#readme,runtime
suspend-react,0.1.3,MIT,Paul Henschel,https://github.com/pmndrs/suspend-react#readme,runtime
swr,2.5.1,MIT,,https://swr.vercel.app,runtime
symbol-tree,3.2.4,MIT,Joris van der Wel,https://github.com/jsdom/js-symbol-tree#symbol-tree,runtime
tailwindcss,4.3.3,MIT,,https://tailwindcss.com,build/dev
tapable,2.3.3,MIT,Tobias Koppers @sokra,https://github.com/webpack/tapable,build/dev
tar,7.5.22,BlueOak-1.0.0,Isaac Z. Schlueter,https://github.com/isaacs/node-tar#readme,runtime
tar-fs,3.1.3,MIT,Mathias Buus,https://github.com/mafintosh/tar-fs,runtime
tar-stream,3.2.1,MIT,Mathias Buus,https://github.com/mafintosh/tar-stream,runtime
teex,1.0.1,MIT,Mathias Buus,https://github.com/mafintosh/teex,runtime
text-decoder,1.2.7,Apache-2.0,Holepunch,https://github.com/holepunchto/text-decoder#readme,runtime
through2,2.0.5,MIT,Rod Vagg,https://github.com/rvagg/through2#readme,runtime
through2,4.0.2,MIT,Rod Vagg,https://github.com/rvagg/through2#readme,runtime
tinyglobby,0.2.17,MIT,Superchupu,https://superchupu.dev/tinyglobby,runtime
tldts,7.4.11,MIT,Rémi Berson,https://github.com/remusao/tldts#readme,runtime
tldts-core,7.4.11,MIT,Rémi Berson,https://github.com/remusao/tldts#readme,runtime
to-regex-range,5.0.1,MIT,Jon Schlinkert,https://github.com/micromatch/to-regex-range,runtime
tough-cookie,6.0.2,BSD-3-Clause,Jeremy Stashewsky,https://github.com/salesforce/tough-cookie,runtime
tr46,6.0.0,MIT,Sebastian Mayr,https://github.com/jsdom/tr46#readme,runtime
ts-api-utils,2.5.0,MIT,JoshuaKGoldberg,https://github.com/JoshuaKGoldberg/ts-api-utils#readme,build/dev
ts-brand,0.2.0,MIT,Wil Lee,https://github.com/kourge/ts-brand#readme,runtime
tsconfig-paths,3.15.0,MIT,Jonas Kello,https://github.com/dividab/tsconfig-paths#readme,build/dev
tsconfig-paths,4.2.0,MIT,Jonas Kello,https://github.com/dividab/tsconfig-paths#readme,runtime
tslib,2.8.1,0BSD,Microsoft Corp.,https://www.typescriptlang.org/,runtime
tsx,4.23.12,MIT,Hiroki Osame,https://tsx.hirok.io,runtime
tunnel,0.0.6,MIT,Koichi Kobayashi,https://github.com/koichik/node-tunnel/,runtime
tunnel-agent,0.6.0,Apache-2.0,Mikeal Rogers,https://github.com/mikeal/tunnel-agent#readme,runtime
type-check,0.4.0,MIT,George Zahariev,https://github.com/gkz/type-check,build/dev
type-fest,0.21.3,(MIT OR CC0-1.0),Sindre Sorhus,https://github.com/sindresorhus/type-fest#readme,runtime
type-fest,4.41.0,(MIT OR CC0-1.0),Sindre Sorhus,https://github.com/sindresorhus/type-fest#readme,runtime
typed-array-buffer,1.0.3,MIT,Jordan Harband,https://github.com/inspect-js/typed-array-buffer#readme,build/dev
typed-array-byte-length,1.0.3,MIT,Jordan Harband,https://github.com/inspect-js/typed-array-byte-length#readme,build/dev
typed-array-byte-offset,1.0.4,MIT,Jordan Harband,https://github.com/inspect-js/typed-array-byte-offset#readme,build/dev
typed-array-length,1.0.8,MIT,Jordan Harband,https://github.com/inspect-js/typed-array-length#readme,build/dev
typeid-js,0.3.0,Apache-2.0,jetify,https://github.com/jetify-com/typeid-js,runtime
typeid-js,1.2.0,Apache-2.0,jetify,https://github.com/jetify-com/typeid-js,runtime
typescript,5.9.3,Apache-2.0,Microsoft Corp.,https://www.typescriptlang.org/,runtime
typescript-eslint,8.67.0,MIT,,https://typescript-eslint.io/packages/typescript-eslint,build/dev
unbox-primitive,1.1.0,MIT,Jordan Harband,https://github.com/ljharb/unbox-primitive#readme,build/dev
undici,6.28.0,MIT,,https://undici.nodejs.org,runtime
undici,7.29.0,MIT,,https://undici.nodejs.org,runtime
undici-types,6.21.0,MIT,,https://undici.nodejs.org,runtime
unicode-canonical-property-names-ecmascript,2.0.1,MIT,Mathias Bynens,https://github.com/mathiasbynens/unicode-canonical-property-names-ecmascript,runtime
unicode-match-property-ecmascript,2.0.0,MIT,Mathias Bynens,https://github.com/mathiasbynens/unicode-match-property-ecmascript,runtime
unicode-match-property-value-ecmascript,2.2.1,MIT,Mathias Bynens,https://github.com/mathiasbynens/unicode-match-property-value-ecmascript,runtime
unicode-property-aliases-ecmascript,2.2.0,MIT,Mathias Bynens,https://github.com/mathiasbynens/unicode-property-aliases-ecmascript,runtime
unicorn-magic,0.3.0,MIT,Sindre Sorhus,https://github.com/sindresorhus/unicorn-magic#readme,runtime
unist-util-filter,5.0.1,MIT,Eugene Sharygin,https://github.com/syntax-tree/unist-util-filter#readme,runtime
unist-util-is,6.0.1,MIT,Titus Wormer,https://github.com/syntax-tree/unist-util-is#readme,runtime
unist-util-visit-parents,6.0.2,MIT,Titus Wormer,https://github.com/syntax-tree/unist-util-visit-parents#readme,runtime
universal-user-agent,7.0.3,ISC,Gregor Martynus,https://github.com/gr2m/universal-user-agent#readme,runtime
unrs-resolver,1.12.2,MIT,,https://github.com/unrs/unrs-resolver,build/dev
update-browserslist-db,1.3.1,MIT,Andrey Sitnik,https://github.com/browserslist/update-db#readme,runtime
uri-js,4.4.1,BSD-2-Clause,Gary Court,https://github.com/garycourt/uri-js,build/dev
urlpattern-polyfill,10.1.0,MIT,,https://github.com/kenchris/urlpattern-polyfill#readme,runtime
use-callback-ref,1.3.3,MIT,theKashey,https://github.com/theKashey/use-callback-ref#readme,runtime
use-device-pixel-ratio,1.1.2,MIT,Espen Hovlandsdal,https://github.com/rexxars/use-device-pixel-ratio#readme,runtime
use-effect-event,2.0.4,MIT,Sanity.io,https://github.com/sanity-io/use-effect-event#readme,runtime
use-error-boundary,2.0.6,MIT,Joschua Schneider,https://github.com/JoschuaSchneider/use-error-boundary#readme,runtime
use-hot-module-reload,2.0.0,MIT,Espen Hovlandsdal,https://github.com/rexxars/use-hot-module-reload#readme,runtime
use-isomorphic-layout-effect,1.2.1,MIT,,https://github.com/Andarist/use-isomorphic-layout-effect#readme,runtime
use-sidecar,1.1.3,MIT,theKashey,https://github.com/theKashey/use-sidecar,runtime
use-sync-external-store,1.6.0,MIT,,https://github.com/facebook/react#readme,runtime
util-deprecate,1.0.2,MIT,Nathan Rajlich,https://github.com/TooTallNate/util-deprecate,runtime
uuid,10.0.0,MIT,,https://github.com/uuidjs/uuid#readme,runtime
uuid,11.1.1,MIT,,https://github.com/uuidjs/uuid#readme,runtime
uuid,14.0.2,MIT,,https://github.com/uuidjs/uuid#readme,runtime
uuidv7,0.4.4,Apache-2.0,LiosK,https://github.com/LiosK/uuidv7#readme,runtime
valibot,1.4.2,MIT,Fabian Hiller,https://valibot.dev,runtime
verkit,0.3.2,MIT,Kevin Deng,https://github.com/sxzz/verkit#readme,runtime
vite,8.2.2,MIT,Evan You,https://vite.dev,runtime
vite-node,6.0.0,MIT,Anthony Fu,https://github.com/antfu-collective/vite-node#readme,runtime
w3c-keyname,2.2.8,MIT,Marijn Haverbeke,https://github.com/marijnh/w3c-keyname#readme,runtime
w3c-xmlserializer,5.0.0,MIT,,https://github.com/jsdom/w3c-xmlserializer#readme,runtime
web-vitals,6.2.1,Apache-2.0,Philip Walton,https://github.com/GoogleChrome/web-vitals#readme,runtime
webidl-conversions,8.0.1,BSD-2-Clause,Domenic Denicola,https://github.com/jsdom/webidl-conversions#readme,runtime
whatwg-mimetype,5.0.0,MIT,Domenic Denicola,https://github.com/jsdom/whatwg-mimetype#readme,runtime
whatwg-url,16.0.1,MIT,Sebastian Mayr,https://github.com/jsdom/whatwg-url#readme,runtime
which,2.0.2,ISC,GitHub Inc.,https://github.com/npm/node-which#readme,runtime
which,6.0.1,ISC,GitHub Inc.,https://github.com/npm/node-which#readme,runtime
which-boxed-primitive,1.1.1,MIT,Jordan Harband,https://github.com/inspect-js/which-boxed-primitive#readme,build/dev
which-builtin-type,1.2.1,MIT,Jordan Harband,https://github.com/inspect-js/which-builtin-type#readme,build/dev
which-collection,1.0.2,MIT,Jordan Harband,https://github.com/inspect-js/which-collection#readme,build/dev
which-typed-array,1.1.22,MIT,Jordan Harband,https://github.com/inspect-js/which-typed-array#readme,build/dev
widest-line,3.1.0,MIT,Sindre Sorhus,https://github.com/sindresorhus/widest-line#readme,runtime
widest-line,5.0.0,MIT,Sindre Sorhus,https://github.com/sindresorhus/widest-line#readme,runtime
word-wrap,1.2.5,MIT,Jon Schlinkert,https://github.com/jonschlinkert/word-wrap,build/dev
wordwrap,1.0.0,MIT,James Halliday,https://github.com/substack/node-wordwrap#readme,runtime
wrap-ansi,6.2.0,MIT,Sindre Sorhus,https://github.com/chalk/wrap-ansi#readme,runtime
wrap-ansi,7.0.0,MIT,Sindre Sorhus,https://github.com/chalk/wrap-ansi#readme,runtime
wrap-ansi,9.0.2,MIT,Sindre Sorhus,https://github.com/chalk/wrap-ansi#readme,runtime
wrappy,1.0.2,ISC,Isaac Z. Schlueter,https://github.com/npm/wrappy,runtime
ws,8.21.0,MIT,Einar Otto Stangvik,https://github.com/websockets/ws,runtime
ws,8.21.3,MIT,Einar Otto Stangvik,https://github.com/websockets/ws,runtime
wsl-utils,0.4.0,MIT,Sindre Sorhus,https://github.com/sindresorhus/wsl-utils#readme,runtime
wsl-utils,1.0.0,MIT,Sindre Sorhus,https://github.com/sindresorhus/wsl-utils#readme,runtime
xdg-basedir,5.1.0,MIT,Sindre Sorhus,https://github.com/sindresorhus/xdg-basedir#readme,runtime
xhr,2.6.0,MIT,Raynos,https://github.com/naugtur/xhr,runtime
xml-name-validator,5.0.0,Apache-2.0,Domenic Denicola,https://github.com/jsdom/xml-name-validator#readme,runtime
xmlchars,2.2.0,MIT,Louis-Dominique Dubeau,https://github.com/lddubeau/xmlchars#readme,runtime
xstate,5.32.6,MIT,David Khourshid,https://github.com/statelyai/xstate/tree/main/packages/core#readme,runtime
xtend,4.0.2,MIT,Raynos,https://github.com/Raynos/xtend,runtime
yallist,3.1.1,ISC,Isaac Z. Schlueter,https://github.com/isaacs/yallist#readme,runtime
yallist,5.0.0,BlueOak-1.0.0,Isaac Z. Schlueter,https://github.com/isaacs/yallist#readme,runtime
yaml,2.9.0,ISC,Eemeli Aro,https://eemeli.org/yaml/,runtime
yocto-queue,0.1.0,MIT,Sindre Sorhus,https://github.com/sindresorhus/yocto-queue#readme,build/dev
yoctocolors,2.2.0,MIT,Sindre Sorhus,https://github.com/sindresorhus/yoctocolors#readme,runtime
yoctocolors-cjs,2.1.3,MIT,Sindre Sorhus,https://github.com/sindresorhus/yoctocolors#readme,runtime
zod,4.4.3,MIT,Colin McDonnell,https://zod.dev,runtime
zod-validation-error,4.0.2,MIT,Dimitrios C. Michalakos,https://github.com/causaly/zod-validation-error#readme,build/dev
zustand,5.0.15,MIT,Paul Henschel,https://github.com/pmndrs/zustand,runtime
